"respondent_id","age","candidate"
1,48,"Trump"
2,96,"Biden"
3,68,"Trump"
4,31,"Biden"
5,84,"Biden"
6,59,"Trump"
7,67,"Trump"
8,60,"Biden"
9,31,"Trump"
10,42,"Biden"
11,86,"Biden"
12,74,"Biden"
13,26,"Trump"
14,89,"Biden"
15,43,"Biden"
16,24,"Biden"
17,59,"Trump"
18,26,"Biden"
19,100,"Biden"
20,53,"Biden"
21,95,"Trump"
22,98,"Biden"
23,60,"Biden"
24,93,"Biden"
25,32,"Trump"
26,49,"Trump"
27,24,"Trump"
28,26,"Biden"
29,58,"Biden"
30,91,"Biden"
31,40,"Biden"
32,44,"Biden"
33,77,"Trump"
34,70,"Trump"
35,24,"Trump"
36,70,"Trump"
37,44,"Trump"
38,55,"Biden"
39,51,"Biden"
40,86,"Trump"
41,89,"Biden"
42,93,"Biden"
43,80,"Trump"
44,30,"Biden"
45,99,"Trump"
46,42,"Biden"
47,55,"Trump"
48,38,"Biden"
49,96,"Trump"
50,58,"Biden"
51,64,"Trump"
52,77,"Trump"
53,33,"Trump"
54,23,"Trump"
55,89,"Trump"
56,56,"Biden"
57,48,"Trump"
58,98,"Biden"
59,67,"Trump"
60,51,"Biden"
61,21,"Biden"
62,30,"Biden"
63,86,"Biden"
64,42,"Biden"
65,69,"Biden"
66,39,"Biden"
67,49,"Biden"
68,42,"Biden"
69,52,"Trump"
70,57,"Biden"
71,47,"Biden"
72,29,"Biden"
73,48,"Biden"
74,47,"Biden"
75,81,"Biden"
76,31,"Trump"
77,88,"Trump"
78,84,"Biden"
79,40,"Trump"
80,96,"Biden"
81,54,"Trump"
82,25,"Biden"
83,68,"Biden"
84,91,"Trump"
85,67,"Trump"
86,91,"Biden"
87,93,"Trump"
88,63,"Biden"
89,34,"Trump"
90,79,"Trump"
91,63,"Trump"
92,71,"Biden"
93,52,"Biden"
94,96,"Trump"
95,41,"Biden"
96,24,"Trump"
97,96,"Trump"
98,40,"Trump"
99,43,"Biden"
100,49,"Biden"
101,24,"Biden"
102,44,"Trump"
103,59,"Biden"
104,22,"Biden"
105,87,"Trump"
106,33,"Biden"
107,41,"Biden"
108,49,"Trump"
109,38,"Trump"
110,72,"Trump"
111,92,"Biden"
112,53,"Trump"
113,100,"Trump"
114,56,"Biden"
115,71,"Biden"
116,26,"Biden"
117,88,"Trump"
118,65,"Trump"
119,94,"Biden"
120,100,"Biden"
121,73,"Trump"
122,56,"Trump"
123,85,"Biden"
124,18,"Biden"
125,57,"Biden"
126,47,"Biden"
127,33,"Trump"
128,71,"Biden"
129,92,"Trump"
130,65,"Biden"
131,37,"Trump"
132,84,"Biden"
133,53,"Trump"
134,69,"Biden"
135,39,"Biden"
136,66,"Trump"
137,59,"Trump"
138,76,"Trump"
139,28,"Trump"
140,72,"Biden"
141,25,"Biden"
142,63,"Biden"
143,83,"Biden"
144,94,"Trump"
145,63,"Trump"
146,87,"Biden"
147,89,"Trump"
148,61,"Biden"
149,49,"Biden"
150,53,"Biden"
151,62,"Trump"
152,31,"Trump"
153,33,"Biden"
154,50,"Trump"
155,57,"Trump"
156,57,"Biden"
157,27,"Trump"
158,89,"Trump"
159,99,"Trump"
160,26,"Biden"
161,24,"Biden"
162,24,"Biden"
163,75,"Trump"
164,78,"Trump"
165,91,"Trump"
166,41,"Biden"
167,80,"Biden"
168,71,"Trump"
169,40,"Biden"
170,43,"Biden"
171,50,"Trump"
172,74,"Biden"
173,46,"Biden"
174,27,"Biden"
175,70,"Biden"
176,71,"Trump"
177,94,"Biden"
178,28,"Biden"
179,42,"Trump"
180,69,"Trump"
181,43,"Biden"
182,24,"Trump"
183,42,"Biden"
184,49,"Biden"
185,41,"Trump"
186,74,"Trump"
187,90,"Trump"
188,40,"Trump"
189,31,"Trump"
190,23,"Trump"
191,18,"Trump"
192,75,"Trump"
193,98,"Trump"
194,46,"Biden"
195,43,"Trump"
196,44,"Trump"
197,24,"Trump"
198,77,"Biden"
199,43,"Biden"
200,58,"Trump"
201,23,"Trump"
202,48,"Trump"
203,34,"Trump"
204,81,"Trump"
205,54,"Trump"
206,74,"Biden"
207,37,"Trump"
208,52,"Biden"
209,50,"Biden"
210,83,"Biden"
211,21,"Trump"
212,91,"Trump"
213,22,"Trump"
214,42,"Trump"
215,25,"Biden"
216,72,"Trump"
217,62,"Biden"
218,35,"Trump"
219,59,"Trump"
220,48,"Trump"
221,23,"Biden"
222,88,"Biden"
223,78,"Trump"
224,65,"Biden"
225,34,"Trump"
226,62,"Biden"
227,80,"Trump"
228,70,"Trump"
229,70,"Biden"
230,80,"Trump"
231,88,"Biden"
232,99,"Biden"
233,34,"Trump"
234,19,"Trump"
235,66,"Trump"
236,19,"Biden"
237,30,"Trump"
238,41,"Trump"
239,66,"Trump"
240,84,"Trump"
241,99,"Trump"
242,19,"Biden"
243,54,"Biden"
244,80,"Biden"
245,93,"Trump"
246,30,"Biden"
247,59,"Biden"
248,78,"Biden"
249,87,"Biden"
250,55,"Biden"
251,81,"Trump"
252,97,"Trump"
253,53,"Biden"
254,52,"Biden"
255,84,"Trump"
256,65,"Biden"
257,83,"Trump"
258,40,"Biden"
259,84,"Trump"
260,26,"Biden"
261,78,"Trump"
262,56,"Trump"
263,48,"Biden"
264,90,"Biden"
265,53,"Trump"
266,39,"Biden"
267,61,"Trump"
268,58,"Biden"
269,60,"Trump"
270,56,"Trump"
271,54,"Biden"
272,50,"Trump"
273,100,"Biden"
274,29,"Trump"
275,38,"Trump"
276,98,"Trump"
277,93,"Trump"
278,52,"Trump"
279,47,"Biden"
280,67,"Trump"
281,64,"Trump"
282,84,"Trump"
283,99,"Biden"
284,98,"Biden"
285,59,"Trump"
286,57,"Trump"
287,59,"Biden"
288,43,"Biden"
289,30,"Biden"
290,37,"Trump"
291,37,"Trump"
292,58,"Trump"
293,25,"Biden"
294,56,"Biden"
295,91,"Trump"
296,98,"Biden"
297,80,"Trump"
298,99,"Biden"
299,28,"Biden"
300,19,"Biden"
301,36,"Biden"
302,94,"Biden"
303,30,"Trump"
304,48,"Biden"
305,47,"Trump"
306,39,"Biden"
307,91,"Biden"
308,33,"Trump"
309,86,"Biden"
310,53,"Biden"
311,67,"Trump"
312,50,"Biden"
313,97,"Biden"
314,45,"Biden"
315,66,"Biden"
316,29,"Trump"
317,70,"Trump"
318,45,"Biden"
319,83,"Trump"
320,67,"Biden"
321,93,"Biden"
322,64,"Trump"
323,68,"Trump"
324,23,"Trump"
325,97,"Biden"
326,32,"Biden"
327,36,"Biden"
328,76,"Biden"
329,20,"Trump"
330,50,"Biden"
331,65,"Biden"
332,92,"Biden"
333,62,"Trump"
334,27,"Biden"
335,59,"Trump"
336,41,"Biden"
337,35,"Biden"
338,98,"Trump"
339,76,"Trump"
340,26,"Biden"
341,70,"Trump"
342,28,"Biden"
343,25,"Trump"
344,22,"Biden"
345,46,"Trump"
346,67,"Trump"
347,87,"Biden"
348,91,"Biden"
349,43,"Biden"
350,90,"Trump"
351,28,"Trump"
352,23,"Trump"
353,93,"Trump"
354,100,"Biden"
355,73,"Trump"
356,44,"Biden"
357,85,"Biden"
358,45,"Trump"
359,84,"Trump"
360,57,"Biden"
361,23,"Trump"
362,53,"Trump"
363,72,"Trump"
364,65,"Trump"
365,27,"Biden"
366,42,"Biden"
367,55,"Biden"
368,42,"Biden"
369,21,"Trump"
370,96,"Trump"
371,69,"Trump"
372,39,"Trump"
373,41,"Biden"
374,56,"Trump"
375,64,"Biden"
376,77,"Trump"
377,80,"Trump"
378,54,"Trump"
379,63,"Biden"
380,71,"Trump"
381,64,"Trump"
382,96,"Trump"
383,33,"Biden"
384,36,"Biden"
385,89,"Trump"
386,48,"Biden"
387,54,"Biden"
388,65,"Biden"
389,77,"Biden"
390,79,"Trump"
391,97,"Trump"
392,26,"Biden"
393,28,"Trump"
394,60,"Trump"
395,47,"Biden"
396,78,"Biden"
397,91,"Biden"
398,72,"Trump"
399,78,"Trump"
400,51,"Trump"
401,74,"Biden"
402,55,"Biden"
403,80,"Trump"
404,63,"Biden"
405,95,"Biden"
406,87,"Trump"
407,35,"Biden"
408,19,"Biden"
409,89,"Biden"
410,92,"Biden"
411,38,"Biden"
412,74,"Biden"
413,88,"Trump"
414,89,"Trump"
415,76,"Biden"
416,91,"Biden"
417,54,"Biden"
418,98,"Biden"
419,72,"Trump"
420,23,"Biden"
421,57,"Trump"
422,23,"Biden"
423,45,"Biden"
424,49,"Biden"
425,66,"Trump"
426,82,"Trump"
427,86,"Trump"
428,92,"Trump"
429,64,"Biden"
430,37,"Trump"
431,19,"Biden"
432,79,"Biden"
433,80,"Trump"
434,79,"Trump"
435,27,"Biden"
436,76,"Biden"
437,66,"Biden"
438,24,"Biden"
439,78,"Biden"
440,55,"Trump"
441,53,"Biden"
442,40,"Trump"
443,51,"Biden"
444,21,"Biden"
445,71,"Biden"
446,46,"Biden"
447,75,"Trump"
448,92,"Trump"
449,73,"Biden"
450,68,"Trump"
451,67,"Biden"
452,65,"Trump"
453,20,"Biden"
454,50,"Biden"
455,51,"Biden"
456,83,"Biden"
457,81,"Trump"
458,57,"Trump"
459,75,"Trump"
460,37,"Trump"
461,95,"Trump"
462,42,"Biden"
463,88,"Biden"
464,57,"Biden"
465,78,"Trump"
466,39,"Trump"
467,97,"Biden"
468,73,"Trump"
469,50,"Trump"
470,81,"Trump"
471,70,"Biden"
472,48,"Biden"
473,63,"Trump"
474,89,"Trump"
475,41,"Biden"
476,77,"Biden"
477,47,"Trump"
478,40,"Biden"
479,34,"Biden"
480,76,"Biden"
481,74,"Trump"
482,60,"Biden"
483,40,"Biden"
484,62,"Trump"
485,25,"Trump"
486,96,"Trump"
487,53,"Trump"
488,84,"Biden"
489,56,"Trump"
490,50,"Trump"
491,55,"Trump"
492,45,"Trump"
493,98,"Biden"
494,70,"Trump"
495,27,"Biden"
496,58,"Biden"
497,25,"Biden"
498,18,"Trump"
499,97,"Trump"
500,83,"Trump"
501,95,"Biden"
502,29,"Biden"
503,89,"Biden"
504,58,"Biden"
505,25,"Trump"
506,74,"Biden"
507,90,"Trump"
508,69,"Trump"
509,84,"Biden"
510,57,"Biden"
511,19,"Biden"
512,82,"Biden"
513,90,"Biden"
514,24,"Trump"
515,94,"Trump"
516,46,"Trump"
517,37,"Biden"
518,95,"Biden"
519,97,"Trump"
520,24,"Trump"
521,62,"Trump"
522,93,"Trump"
523,42,"Trump"
524,30,"Trump"
525,27,"Trump"
526,58,"Trump"
527,29,"Biden"
528,25,"Biden"
529,88,"Trump"
530,32,"Biden"
531,100,"Trump"
532,66,"Trump"
533,56,"Biden"
534,52,"Biden"
535,23,"Biden"
536,88,"Biden"
537,21,"Biden"
538,91,"Trump"
539,98,"Biden"
540,65,"Trump"
541,25,"Trump"
542,70,"Trump"
543,84,"Trump"
544,70,"Trump"
545,31,"Biden"
546,45,"Biden"
547,23,"Trump"
548,26,"Biden"
549,50,"Biden"
550,63,"Biden"
551,81,"Biden"
552,36,"Biden"
553,18,"Trump"
554,69,"Trump"
555,85,"Biden"
556,92,"Biden"
557,22,"Biden"
558,36,"Biden"
559,52,"Biden"
560,50,"Trump"
561,86,"Biden"
562,78,"Biden"
563,40,"Trump"
564,58,"Trump"
565,80,"Trump"
566,66,"Biden"
567,86,"Biden"
568,81,"Biden"
569,93,"Trump"
570,19,"Biden"
571,35,"Biden"
572,21,"Biden"
573,89,"Biden"
574,82,"Trump"
575,92,"Trump"
576,28,"Biden"
577,96,"Biden"
578,96,"Biden"
579,74,"Biden"
580,73,"Trump"
581,32,"Biden"
582,96,"Trump"
583,69,"Trump"
584,78,"Biden"
585,53,"Trump"
586,20,"Trump"
587,24,"Biden"
588,85,"Biden"
589,70,"Biden"
590,41,"Trump"
591,85,"Biden"
592,84,"Trump"
593,28,"Biden"
594,91,"Biden"
595,22,"Biden"
596,49,"Biden"
597,28,"Trump"
598,91,"Trump"
599,96,"Trump"
600,77,"Biden"
601,48,"Trump"
602,91,"Biden"
603,62,"Biden"
604,76,"Trump"
605,41,"Trump"
606,52,"Biden"
607,27,"Trump"
608,81,"Biden"
609,89,"Biden"
610,61,"Trump"
611,59,"Trump"
612,49,"Trump"
613,56,"Trump"
614,24,"Biden"
615,55,"Biden"
616,34,"Trump"
617,50,"Trump"
618,91,"Biden"
619,91,"Trump"
620,19,"Trump"
621,96,"Biden"
622,83,"Trump"
623,87,"Biden"
624,76,"Biden"
625,64,"Biden"
626,26,"Trump"
627,40,"Trump"
628,42,"Biden"
629,32,"Biden"
630,89,"Biden"
631,38,"Biden"
632,65,"Biden"
633,90,"Trump"
634,60,"Trump"
635,73,"Biden"
636,92,"Trump"
637,21,"Biden"
638,88,"Trump"
639,73,"Trump"
640,67,"Biden"
641,28,"Biden"
642,92,"Trump"
643,77,"Trump"
644,91,"Trump"
645,84,"Biden"
646,75,"Biden"
647,57,"Biden"
648,30,"Biden"
649,25,"Trump"
650,19,"Biden"
651,23,"Biden"
652,34,"Trump"
653,49,"Trump"
654,95,"Biden"
655,88,"Trump"
656,94,"Trump"
657,89,"Biden"
658,92,"Biden"
659,34,"Trump"
660,88,"Biden"
661,72,"Trump"
662,36,"Trump"
663,32,"Biden"
664,63,"Trump"
665,31,"Biden"
666,44,"Biden"
667,98,"Trump"
668,50,"Biden"
669,67,"Biden"
670,35,"Biden"
671,37,"Biden"
672,59,"Biden"
673,91,"Biden"
674,70,"Biden"
675,80,"Biden"
676,90,"Trump"
677,48,"Trump"
678,100,"Trump"
679,72,"Trump"
680,35,"Trump"
681,61,"Trump"
682,38,"Biden"
683,46,"Biden"
684,53,"Biden"
685,40,"Biden"
686,59,"Biden"
687,86,"Trump"
688,83,"Trump"
689,99,"Trump"
690,93,"Biden"
691,79,"Trump"
692,81,"Trump"
693,94,"Trump"
694,68,"Biden"
695,35,"Trump"
696,27,"Biden"
697,90,"Trump"
698,100,"Biden"
699,89,"Biden"
700,19,"Biden"
701,60,"Trump"
702,22,"Biden"
703,44,"Biden"
704,40,"Trump"
705,20,"Trump"
706,32,"Trump"
707,75,"Trump"
708,24,"Biden"
709,51,"Trump"
710,48,"Biden"
711,99,"Biden"
712,35,"Biden"
713,63,"Biden"
714,26,"Biden"
715,96,"Biden"
716,34,"Trump"
717,24,"Biden"
718,25,"Biden"
719,82,"Biden"
720,26,"Biden"
721,42,"Trump"
722,19,"Biden"
723,28,"Biden"
724,85,"Biden"
725,57,"Trump"
726,37,"Trump"
727,28,"Trump"
728,35,"Trump"
729,71,"Biden"
730,31,"Trump"
731,84,"Trump"
732,84,"Trump"
733,56,"Trump"
734,40,"Biden"
735,96,"Biden"
736,57,"Biden"
737,50,"Trump"
738,54,"Trump"
739,77,"Biden"
740,46,"Biden"
741,87,"Trump"
742,42,"Biden"
743,59,"Biden"
744,43,"Biden"
745,61,"Trump"
746,25,"Trump"
747,33,"Biden"
748,56,"Biden"
749,82,"Biden"
750,75,"Trump"
751,73,"Biden"
752,60,"Trump"
753,84,"Biden"
754,73,"Trump"
755,39,"Trump"
756,34,"Trump"
757,31,"Biden"
758,81,"Trump"
759,41,"Trump"
760,25,"Biden"
761,37,"Trump"
762,91,"Trump"
763,67,"Trump"
764,34,"Biden"
765,26,"Trump"
766,52,"Biden"
767,80,"Trump"
768,74,"Trump"
769,33,"Trump"
770,69,"Biden"
771,52,"Biden"
772,71,"Biden"
773,43,"Biden"
774,30,"Biden"
775,53,"Biden"
776,64,"Biden"
777,42,"Biden"
778,45,"Trump"
779,46,"Trump"
780,94,"Biden"
781,61,"Biden"
782,71,"Biden"
783,42,"Trump"
784,46,"Trump"
785,37,"Trump"
786,30,"Trump"
787,94,"Trump"
788,52,"Biden"
789,72,"Biden"
790,22,"Biden"
791,73,"Biden"
792,94,"Trump"
793,61,"Biden"
794,89,"Trump"
795,55,"Trump"
796,41,"Trump"
797,97,"Trump"
798,92,"Biden"
799,65,"Biden"
800,32,"Biden"
801,82,"Biden"
802,71,"Trump"
803,27,"Trump"
804,59,"Biden"
805,58,"Trump"
806,42,"Biden"
807,69,"Biden"
808,54,"Biden"
809,44,"Trump"
810,90,"Biden"
811,100,"Biden"
812,52,"Biden"
813,51,"Trump"
814,80,"Biden"
815,93,"Trump"
816,96,"Biden"
817,66,"Biden"
818,52,"Biden"
819,46,"Biden"
820,88,"Trump"
821,62,"Biden"
822,51,"Trump"
823,90,"Trump"
824,64,"Biden"
825,18,"Trump"
826,27,"Biden"
827,58,"Biden"
828,58,"Trump"
829,56,"Trump"
830,23,"Biden"
831,49,"Trump"
832,78,"Trump"
833,97,"Biden"
834,33,"Trump"
835,19,"Trump"
836,51,"Biden"
837,95,"Trump"
838,47,"Biden"
839,45,"Biden"
840,75,"Trump"
841,47,"Trump"
842,56,"Biden"
843,87,"Trump"
844,85,"Trump"
845,84,"Trump"
846,63,"Biden"
847,76,"Trump"
848,65,"Trump"
849,27,"Trump"
850,45,"Biden"
851,93,"Trump"
852,84,"Trump"
853,18,"Biden"
854,61,"Trump"
855,66,"Trump"
856,50,"Biden"
857,53,"Biden"
858,30,"Biden"
859,96,"Trump"
860,94,"Trump"
861,63,"Biden"
862,35,"Biden"
863,67,"Trump"
864,43,"Trump"
865,53,"Biden"
866,53,"Biden"
867,73,"Biden"
868,74,"Biden"
869,20,"Trump"
870,28,"Trump"
871,68,"Biden"
872,47,"Biden"
873,33,"Trump"
874,28,"Trump"
875,83,"Trump"
876,39,"Trump"
877,34,"Trump"
878,22,"Trump"
879,96,"Biden"
880,79,"Trump"
881,52,"Biden"
882,39,"Biden"
883,80,"Trump"
884,32,"Trump"
885,52,"Biden"
886,47,"Trump"
887,51,"Biden"
888,86,"Biden"
889,86,"Trump"
890,88,"Trump"
891,19,"Biden"
892,97,"Trump"
893,40,"Trump"
894,38,"Trump"
895,99,"Trump"
896,36,"Trump"
897,26,"Biden"
898,100,"Trump"
899,79,"Biden"
900,100,"Trump"
901,86,"Trump"
902,62,"Biden"
903,97,"Biden"
904,49,"Biden"
905,65,"Trump"
906,32,"Trump"
907,43,"Trump"
908,37,"Biden"
909,52,"Biden"
910,72,"Biden"
911,48,"Trump"
912,41,"Biden"
913,34,"Biden"
914,88,"Biden"
915,74,"Biden"
916,94,"Trump"
917,52,"Trump"
918,75,"Biden"
919,71,"Trump"
920,30,"Biden"
921,95,"Trump"
922,85,"Biden"
923,42,"Trump"
924,46,"Biden"
925,70,"Biden"
926,33,"Trump"
927,58,"Biden"
928,26,"Biden"
929,54,"Trump"
930,71,"Biden"
931,41,"Biden"
932,31,"Biden"
933,47,"Biden"
934,79,"Trump"
935,57,"Trump"
936,56,"Trump"
937,89,"Biden"
938,31,"Biden"
939,65,"Trump"
940,82,"Trump"
941,40,"Trump"
942,43,"Trump"
943,63,"Trump"
944,40,"Biden"
945,80,"Trump"
946,38,"Biden"
947,98,"Trump"
948,56,"Trump"
949,88,"Trump"
950,62,"Biden"
951,64,"Trump"
952,93,"Trump"
953,63,"Trump"
954,100,"Biden"
955,77,"Trump"
956,100,"Trump"
957,34,"Biden"
958,26,"Trump"
959,40,"Trump"
960,48,"Biden"
961,55,"Biden"
962,50,"Trump"
963,97,"Trump"
964,77,"Biden"
965,89,"Biden"
966,22,"Trump"
967,80,"Biden"
968,91,"Trump"
969,58,"Biden"
970,54,"Trump"
971,63,"Trump"
972,100,"Biden"
973,33,"Biden"
974,23,"Biden"
975,69,"Biden"
976,89,"Biden"
977,95,"Biden"
978,63,"Biden"
979,25,"Trump"
980,60,"Biden"
981,41,"Trump"
982,22,"Trump"
983,31,"Biden"
984,82,"Trump"
985,21,"Trump"
986,52,"Trump"
987,99,"Biden"
988,27,"Biden"
989,29,"Biden"
990,65,"Trump"
991,20,"Trump"
992,43,"Biden"
993,93,"Trump"
994,77,"Biden"
995,62,"Biden"
996,25,"Biden"
997,34,"Biden"
998,22,"Biden"
999,100,"Trump"
1000,49,"Biden"
1001,19,"Trump"
1002,34,"Trump"
1003,66,"Biden"
1004,89,"Trump"
1005,68,"Biden"
1006,35,"Trump"
1007,43,"Trump"
1008,47,"Biden"
1009,100,"Trump"
1010,86,"Trump"
1011,63,"Biden"
1012,29,"Trump"
1013,73,"Trump"
1014,18,"Trump"
1015,65,"Biden"
1016,69,"Biden"
1017,24,"Biden"
1018,86,"Biden"
1019,27,"Trump"
1020,53,"Trump"
1021,25,"Biden"
1022,66,"Biden"
1023,86,"Trump"
1024,56,"Trump"
1025,39,"Biden"
1026,93,"Trump"
1027,27,"Trump"
1028,79,"Trump"
1029,82,"Biden"
1030,64,"Trump"
1031,31,"Biden"
1032,88,"Trump"
1033,80,"Biden"
1034,51,"Biden"
1035,91,"Biden"
1036,96,"Biden"
1037,36,"Trump"
1038,99,"Trump"
1039,39,"Trump"
1040,35,"Biden"
1041,68,"Trump"
1042,84,"Trump"
1043,69,"Biden"
1044,80,"Biden"
1045,54,"Trump"
1046,35,"Trump"
1047,58,"Trump"
1048,82,"Biden"
1049,56,"Biden"
1050,32,"Biden"
1051,66,"Trump"
1052,87,"Trump"
1053,57,"Trump"
1054,91,"Biden"
1055,77,"Biden"
1056,51,"Trump"
1057,35,"Biden"
1058,86,"Biden"
1059,77,"Biden"
1060,52,"Trump"
1061,87,"Biden"
1062,71,"Trump"
1063,60,"Biden"
1064,90,"Trump"
1065,39,"Biden"
1066,37,"Trump"
1067,64,"Biden"
1068,58,"Trump"
1069,31,"Trump"
1070,46,"Trump"
1071,28,"Biden"
1072,77,"Biden"
1073,37,"Trump"
1074,98,"Biden"
1075,68,"Biden"
1076,30,"Trump"
1077,93,"Trump"
1078,23,"Biden"
1079,84,"Trump"
1080,61,"Trump"
1081,28,"Biden"
1082,36,"Biden"
1083,28,"Biden"
1084,80,"Biden"
1085,39,"Trump"
1086,28,"Biden"
1087,44,"Trump"
1088,19,"Trump"
1089,23,"Trump"
1090,72,"Trump"
1091,65,"Trump"
1092,45,"Trump"
1093,46,"Biden"
1094,85,"Biden"
1095,58,"Trump"
1096,22,"Biden"
1097,26,"Biden"
1098,100,"Biden"
1099,45,"Biden"
1100,32,"Trump"
1101,77,"Biden"
1102,92,"Biden"
1103,34,"Biden"
1104,78,"Trump"
1105,58,"Trump"
1106,42,"Trump"
1107,93,"Trump"
1108,36,"Trump"
1109,69,"Trump"
1110,88,"Biden"
1111,28,"Trump"
1112,32,"Trump"
1113,90,"Biden"
1114,100,"Biden"
1115,28,"Biden"
1116,50,"Trump"
1117,90,"Biden"
1118,40,"Biden"
1119,34,"Biden"
1120,27,"Trump"
1121,89,"Biden"
1122,35,"Trump"
1123,41,"Biden"
1124,67,"Biden"
1125,88,"Trump"
1126,29,"Biden"
1127,97,"Trump"
1128,20,"Biden"
1129,48,"Trump"
1130,38,"Trump"
1131,79,"Biden"
1132,51,"Trump"
1133,45,"Trump"
1134,53,"Biden"
1135,43,"Biden"
1136,18,"Biden"
1137,38,"Biden"
1138,59,"Trump"
1139,52,"Biden"
1140,29,"Biden"
1141,30,"Biden"
1142,67,"Trump"
1143,81,"Biden"
1144,50,"Trump"
1145,41,"Trump"
1146,26,"Trump"
1147,48,"Biden"
1148,83,"Biden"
1149,48,"Trump"
1150,77,"Biden"
1151,40,"Biden"
1152,54,"Trump"
1153,91,"Biden"
1154,60,"Trump"
1155,36,"Biden"
1156,33,"Trump"
1157,56,"Biden"
1158,67,"Trump"
1159,36,"Trump"
1160,21,"Trump"
1161,68,"Biden"
1162,52,"Trump"
1163,51,"Trump"
1164,46,"Trump"
1165,94,"Biden"
1166,71,"Trump"
1167,84,"Trump"
1168,70,"Trump"
1169,57,"Trump"
1170,22,"Biden"
1171,22,"Biden"
1172,100,"Trump"
1173,88,"Trump"
1174,34,"Biden"
1175,34,"Biden"
1176,78,"Trump"
1177,28,"Trump"
1178,31,"Biden"
1179,50,"Biden"
1180,51,"Biden"
1181,81,"Trump"
1182,27,"Biden"
1183,55,"Trump"
1184,94,"Biden"
1185,29,"Trump"
1186,52,"Biden"
1187,76,"Trump"
1188,50,"Trump"
1189,60,"Trump"
1190,28,"Biden"
1191,89,"Trump"
1192,98,"Trump"
1193,21,"Trump"
1194,93,"Trump"
1195,64,"Trump"
1196,73,"Biden"
1197,31,"Trump"
1198,68,"Biden"
1199,44,"Trump"
1200,92,"Biden"
1201,66,"Trump"
1202,46,"Biden"
1203,55,"Trump"
1204,36,"Trump"
1205,38,"Trump"
1206,66,"Trump"
1207,23,"Trump"
1208,86,"Biden"
1209,33,"Biden"
1210,90,"Biden"
1211,95,"Trump"
1212,79,"Biden"
1213,86,"Trump"
1214,47,"Trump"
1215,79,"Biden"
1216,62,"Trump"
1217,85,"Trump"
1218,85,"Biden"
1219,69,"Biden"
1220,87,"Biden"
1221,59,"Trump"
1222,37,"Trump"
1223,98,"Biden"
1224,92,"Trump"
1225,57,"Biden"
1226,38,"Trump"
1227,75,"Trump"
1228,100,"Biden"
1229,60,"Biden"
1230,18,"Biden"
1231,51,"Biden"
1232,93,"Trump"
1233,31,"Trump"
1234,84,"Biden"
1235,65,"Biden"
1236,37,"Trump"
1237,21,"Biden"
1238,21,"Biden"
1239,82,"Biden"
1240,98,"Trump"
1241,53,"Biden"
1242,34,"Biden"
1243,56,"Trump"
1244,76,"Trump"
1245,86,"Biden"
1246,26,"Biden"
1247,48,"Biden"
1248,87,"Trump"
1249,58,"Biden"
1250,48,"Biden"
1251,52,"Trump"
1252,90,"Biden"
1253,66,"Biden"
1254,55,"Trump"
1255,99,"Biden"
1256,34,"Trump"
1257,94,"Biden"
1258,64,"Biden"
1259,70,"Biden"
1260,33,"Trump"
1261,32,"Trump"
1262,39,"Biden"
1263,25,"Trump"
1264,82,"Trump"
1265,87,"Biden"
1266,87,"Trump"
1267,22,"Biden"
1268,26,"Biden"
1269,48,"Biden"
1270,84,"Trump"
1271,58,"Trump"
1272,49,"Trump"
1273,70,"Trump"
1274,40,"Biden"
1275,99,"Trump"
1276,75,"Biden"
1277,40,"Trump"
1278,42,"Trump"
1279,55,"Trump"
1280,47,"Trump"
1281,55,"Trump"
1282,21,"Trump"
1283,98,"Biden"
1284,87,"Trump"
1285,43,"Biden"
1286,56,"Trump"
1287,44,"Biden"
1288,79,"Trump"
1289,92,"Biden"
1290,38,"Biden"
1291,89,"Biden"
1292,34,"Trump"
1293,95,"Trump"
1294,41,"Trump"
1295,24,"Biden"
1296,84,"Biden"
1297,50,"Biden"
1298,96,"Biden"
1299,41,"Trump"
1300,63,"Trump"
1301,44,"Trump"
1302,29,"Trump"
1303,66,"Trump"
1304,25,"Biden"
1305,22,"Trump"
1306,94,"Trump"
1307,100,"Biden"
1308,43,"Biden"
1309,37,"Biden"
1310,46,"Biden"
1311,73,"Biden"
1312,26,"Biden"
1313,97,"Biden"
1314,66,"Trump"
1315,67,"Biden"
1316,59,"Trump"
1317,90,"Trump"
1318,28,"Biden"
1319,82,"Trump"
1320,92,"Trump"
1321,79,"Biden"
1322,95,"Trump"
1323,31,"Trump"
1324,54,"Biden"
1325,27,"Trump"
1326,66,"Trump"
1327,69,"Biden"
1328,88,"Biden"
1329,39,"Biden"
1330,61,"Biden"
1331,28,"Biden"
1332,35,"Trump"
1333,29,"Biden"
1334,88,"Biden"
1335,20,"Trump"
1336,76,"Biden"
1337,63,"Trump"
1338,99,"Trump"
1339,80,"Biden"
1340,66,"Trump"
1341,87,"Trump"
1342,47,"Trump"
1343,87,"Biden"
1344,53,"Trump"
1345,70,"Trump"
1346,46,"Biden"
1347,54,"Biden"
1348,78,"Biden"
1349,59,"Trump"
1350,71,"Biden"
1351,59,"Trump"
1352,72,"Biden"
1353,79,"Trump"
1354,63,"Trump"
1355,46,"Biden"
1356,68,"Trump"
1357,49,"Trump"
1358,18,"Trump"
1359,51,"Biden"
1360,96,"Biden"
1361,27,"Trump"
1362,86,"Trump"
1363,22,"Biden"
1364,72,"Biden"
1365,98,"Trump"
1366,19,"Biden"
1367,44,"Trump"
1368,79,"Biden"
1369,28,"Trump"
1370,81,"Trump"
1371,98,"Biden"
1372,80,"Trump"
1373,59,"Trump"
1374,30,"Biden"
1375,81,"Biden"
1376,74,"Biden"
1377,48,"Trump"
1378,68,"Trump"
1379,34,"Biden"
1380,90,"Trump"
1381,67,"Trump"
1382,90,"Biden"
1383,79,"Biden"
1384,76,"Biden"
1385,75,"Trump"
1386,64,"Biden"
1387,49,"Biden"
1388,83,"Biden"
1389,18,"Trump"
1390,35,"Biden"
1391,88,"Trump"
1392,88,"Biden"
1393,53,"Trump"
1394,86,"Biden"
1395,92,"Trump"
1396,44,"Trump"
1397,59,"Biden"
1398,92,"Biden"
1399,45,"Trump"
1400,50,"Trump"
1401,49,"Biden"
1402,61,"Trump"
1403,79,"Biden"
1404,54,"Trump"
1405,57,"Biden"
1406,96,"Biden"
1407,88,"Biden"
1408,31,"Trump"
1409,73,"Biden"
1410,65,"Trump"
1411,20,"Biden"
1412,40,"Trump"
1413,92,"Trump"
1414,78,"Trump"
1415,79,"Trump"
1416,84,"Biden"
1417,25,"Trump"
1418,77,"Trump"
1419,66,"Trump"
1420,45,"Biden"
1421,45,"Trump"
1422,94,"Trump"
1423,96,"Trump"
1424,61,"Trump"
1425,68,"Trump"
1426,68,"Trump"
1427,48,"Trump"
1428,94,"Trump"
1429,58,"Biden"
1430,92,"Biden"
1431,74,"Trump"
1432,63,"Biden"
1433,68,"Biden"
1434,77,"Biden"
1435,79,"Biden"
1436,72,"Trump"
1437,39,"Trump"
1438,41,"Trump"
1439,29,"Trump"
1440,61,"Biden"
1441,37,"Trump"
1442,78,"Trump"
1443,97,"Trump"
1444,66,"Trump"
1445,61,"Biden"
1446,83,"Trump"
1447,54,"Biden"
1448,36,"Biden"
1449,94,"Trump"
1450,73,"Biden"
1451,22,"Biden"
1452,88,"Biden"
1453,33,"Biden"
1454,100,"Trump"
1455,73,"Biden"
1456,43,"Biden"
1457,62,"Biden"
1458,55,"Biden"
1459,27,"Trump"
1460,57,"Trump"
1461,27,"Biden"
1462,55,"Trump"
1463,68,"Trump"
1464,46,"Biden"
1465,71,"Biden"
1466,83,"Trump"
1467,81,"Biden"
1468,36,"Biden"
1469,36,"Trump"
1470,94,"Biden"
1471,50,"Biden"
1472,55,"Trump"
1473,81,"Trump"
1474,54,"Biden"
1475,88,"Trump"
1476,43,"Trump"
1477,98,"Biden"
1478,64,"Biden"
1479,54,"Biden"
1480,49,"Trump"
1481,62,"Trump"
1482,57,"Biden"
1483,53,"Trump"
1484,73,"Biden"
1485,67,"Biden"
1486,85,"Trump"
1487,57,"Biden"
1488,45,"Biden"
1489,73,"Trump"
1490,71,"Biden"
1491,72,"Biden"
1492,53,"Biden"
1493,99,"Trump"
1494,63,"Biden"
1495,45,"Biden"
1496,29,"Biden"
1497,28,"Trump"
1498,47,"Trump"
1499,28,"Trump"
1500,34,"Biden"
1501,40,"Trump"
1502,91,"Trump"
1503,71,"Trump"
1504,21,"Trump"
1505,87,"Biden"
1506,91,"Biden"
1507,100,"Biden"
1508,58,"Biden"
1509,65,"Trump"
1510,90,"Biden"
1511,24,"Biden"
1512,68,"Trump"
1513,41,"Biden"
1514,99,"Trump"
1515,89,"Trump"
1516,81,"Biden"
1517,77,"Trump"
1518,33,"Trump"
1519,64,"Trump"
1520,99,"Biden"
1521,46,"Biden"
1522,78,"Trump"
1523,79,"Biden"
1524,42,"Trump"
1525,97,"Biden"
1526,86,"Biden"
1527,40,"Biden"
1528,84,"Trump"
1529,87,"Trump"
1530,36,"Trump"
1531,28,"Biden"
1532,29,"Biden"
1533,79,"Biden"
1534,89,"Biden"
1535,88,"Trump"
1536,96,"Biden"
1537,24,"Trump"
1538,30,"Trump"
1539,90,"Trump"
1540,29,"Biden"
1541,95,"Trump"
1542,90,"Trump"
1543,53,"Trump"
1544,100,"Biden"
1545,51,"Biden"
1546,78,"Biden"
1547,73,"Trump"
1548,93,"Biden"
1549,31,"Biden"
1550,91,"Biden"
1551,33,"Biden"
1552,91,"Trump"
1553,83,"Trump"
1554,38,"Biden"
1555,25,"Trump"
1556,50,"Trump"
1557,96,"Trump"
1558,35,"Biden"
1559,33,"Trump"
1560,21,"Biden"
1561,56,"Biden"
1562,79,"Biden"
1563,53,"Biden"
1564,100,"Biden"
1565,40,"Biden"
1566,89,"Biden"
1567,36,"Trump"
1568,88,"Biden"
1569,93,"Biden"
1570,83,"Biden"
1571,35,"Trump"
1572,74,"Trump"
1573,65,"Trump"
1574,40,"Biden"
1575,28,"Biden"
1576,19,"Biden"
1577,63,"Trump"
1578,34,"Trump"
1579,39,"Biden"
1580,94,"Biden"
1581,42,"Trump"
1582,72,"Biden"
1583,90,"Trump"
1584,77,"Trump"
1585,52,"Biden"
1586,59,"Biden"
1587,93,"Trump"
1588,32,"Trump"
1589,32,"Trump"
1590,53,"Trump"
1591,42,"Biden"
1592,58,"Biden"
1593,22,"Trump"
1594,95,"Trump"
1595,98,"Trump"
1596,19,"Biden"
1597,68,"Biden"
1598,92,"Trump"
1599,50,"Biden"
1600,24,"Trump"
1601,32,"Trump"
1602,28,"Biden"
1603,65,"Biden"
1604,42,"Trump"
1605,27,"Trump"
1606,45,"Biden"
1607,23,"Biden"
1608,29,"Biden"
1609,36,"Biden"
1610,52,"Biden"
1611,25,"Biden"
1612,72,"Trump"
1613,65,"Trump"
1614,19,"Biden"
1615,94,"Trump"
1616,70,"Biden"
1617,100,"Trump"
1618,48,"Trump"
1619,92,"Trump"
1620,92,"Trump"
1621,46,"Biden"
1622,50,"Trump"
1623,44,"Trump"
1624,42,"Biden"
1625,89,"Biden"
1626,73,"Trump"
1627,57,"Biden"
1628,80,"Biden"
1629,89,"Trump"
1630,97,"Trump"
1631,27,"Biden"
1632,32,"Trump"
1633,59,"Biden"
1634,41,"Biden"
1635,57,"Trump"
1636,19,"Biden"
1637,35,"Biden"
1638,92,"Biden"
1639,19,"Trump"
1640,77,"Biden"
1641,36,"Biden"
1642,83,"Biden"
1643,58,"Biden"
1644,22,"Biden"
1645,23,"Biden"
1646,98,"Biden"
1647,44,"Trump"
1648,29,"Trump"
1649,96,"Trump"
1650,31,"Trump"
1651,19,"Biden"
1652,97,"Trump"
1653,32,"Trump"
1654,78,"Biden"
1655,91,"Trump"
1656,41,"Biden"
1657,20,"Biden"
1658,51,"Biden"
1659,60,"Trump"
1660,57,"Biden"
1661,76,"Biden"
1662,47,"Biden"
1663,33,"Biden"
1664,26,"Trump"
1665,74,"Trump"
1666,81,"Biden"
1667,64,"Trump"
1668,94,"Trump"
1669,72,"Trump"
1670,99,"Trump"
1671,61,"Biden"
1672,90,"Trump"
1673,75,"Trump"
1674,90,"Biden"
1675,65,"Trump"
1676,86,"Biden"
1677,57,"Biden"
1678,79,"Trump"
1679,99,"Trump"
1680,23,"Trump"
1681,39,"Biden"
1682,55,"Biden"
1683,53,"Trump"
1684,32,"Biden"
1685,66,"Trump"
1686,44,"Biden"
1687,89,"Trump"
1688,74,"Biden"
1689,31,"Trump"
1690,89,"Biden"
1691,20,"Biden"
1692,81,"Biden"
1693,59,"Trump"
1694,36,"Trump"
1695,48,"Biden"
1696,61,"Trump"
1697,87,"Biden"
1698,43,"Trump"
1699,46,"Biden"
1700,56,"Trump"
1701,38,"Trump"
1702,74,"Trump"
1703,21,"Biden"
1704,27,"Trump"
1705,97,"Biden"
1706,72,"Biden"
1707,97,"Trump"
1708,52,"Biden"
1709,56,"Biden"
1710,47,"Biden"
1711,38,"Trump"
1712,55,"Trump"
1713,19,"Biden"
1714,63,"Trump"
1715,53,"Biden"
1716,71,"Biden"
1717,27,"Biden"
1718,54,"Biden"
1719,61,"Biden"
1720,85,"Trump"
1721,24,"Biden"
1722,28,"Biden"
1723,19,"Trump"
1724,30,"Biden"
1725,49,"Trump"
1726,28,"Biden"
1727,57,"Trump"
1728,57,"Trump"
1729,23,"Trump"
1730,22,"Biden"
1731,46,"Biden"
1732,65,"Trump"
1733,77,"Biden"
1734,82,"Biden"
1735,27,"Trump"
1736,19,"Biden"
1737,80,"Trump"
1738,94,"Trump"
1739,32,"Trump"
1740,87,"Biden"
1741,78,"Trump"
1742,32,"Biden"
1743,66,"Trump"
1744,52,"Biden"
1745,74,"Biden"
1746,67,"Trump"
1747,91,"Biden"
1748,93,"Trump"
1749,25,"Biden"
1750,25,"Biden"
1751,21,"Biden"
1752,32,"Trump"
1753,98,"Trump"
1754,51,"Trump"
1755,44,"Trump"
1756,88,"Trump"
1757,30,"Biden"
1758,25,"Trump"
1759,42,"Trump"
1760,81,"Trump"
1761,70,"Biden"
1762,70,"Trump"
1763,43,"Trump"
1764,98,"Trump"
1765,29,"Trump"
1766,62,"Biden"
1767,33,"Biden"
1768,27,"Trump"
1769,22,"Biden"
1770,64,"Trump"
1771,23,"Biden"
1772,38,"Biden"
1773,98,"Trump"
1774,43,"Trump"
1775,93,"Biden"
1776,60,"Trump"
1777,41,"Biden"
1778,89,"Biden"
1779,82,"Biden"
1780,52,"Biden"
1781,79,"Biden"
1782,91,"Biden"
1783,45,"Biden"
1784,69,"Trump"
1785,40,"Biden"
1786,32,"Biden"
1787,56,"Biden"
1788,72,"Trump"
1789,33,"Biden"
1790,93,"Biden"
1791,37,"Trump"
1792,90,"Biden"
1793,45,"Trump"
1794,20,"Trump"
1795,62,"Biden"
1796,78,"Trump"
1797,74,"Trump"
1798,77,"Trump"
1799,85,"Trump"
1800,91,"Trump"
1801,91,"Biden"
1802,22,"Trump"
1803,92,"Biden"
1804,29,"Trump"
1805,22,"Trump"
1806,79,"Trump"
1807,85,"Biden"
1808,82,"Trump"
1809,100,"Biden"
1810,28,"Trump"
1811,56,"Biden"
1812,46,"Trump"
1813,22,"Biden"
1814,83,"Trump"
1815,58,"Trump"
1816,43,"Trump"
1817,45,"Biden"
1818,64,"Trump"
1819,87,"Trump"
1820,87,"Trump"
1821,21,"Biden"
1822,81,"Trump"
1823,39,"Trump"
1824,96,"Trump"
1825,23,"Biden"
1826,74,"Trump"
1827,84,"Biden"
1828,91,"Trump"
1829,82,"Biden"
1830,52,"Trump"
1831,57,"Trump"
1832,19,"Biden"
1833,63,"Trump"
1834,36,"Trump"
1835,50,"Trump"
1836,20,"Biden"
1837,54,"Biden"
1838,81,"Trump"
1839,78,"Trump"
1840,76,"Trump"
1841,81,"Biden"
1842,30,"Trump"
1843,90,"Trump"
1844,34,"Biden"
1845,95,"Biden"
1846,70,"Biden"
1847,25,"Biden"
1848,54,"Biden"
1849,29,"Trump"
1850,22,"Biden"
1851,74,"Biden"
1852,67,"Biden"
1853,68,"Trump"
1854,52,"Biden"
1855,22,"Trump"
1856,89,"Biden"
1857,54,"Trump"
1858,72,"Trump"
1859,43,"Trump"
1860,77,"Biden"
1861,73,"Biden"
1862,48,"Biden"
1863,69,"Trump"
1864,26,"Biden"
1865,26,"Trump"
1866,70,"Biden"
1867,34,"Trump"
1868,41,"Biden"
1869,80,"Biden"
1870,78,"Biden"
1871,92,"Biden"
1872,97,"Biden"
1873,44,"Biden"
1874,45,"Biden"
1875,31,"Trump"
1876,30,"Trump"
1877,64,"Trump"
1878,31,"Trump"
1879,91,"Trump"
1880,26,"Trump"
1881,94,"Biden"
1882,95,"Biden"
1883,65,"Biden"
1884,86,"Trump"
1885,94,"Trump"
1886,95,"Biden"
1887,89,"Biden"
1888,88,"Trump"
1889,76,"Biden"
1890,81,"Biden"
1891,62,"Trump"
1892,74,"Biden"
1893,63,"Biden"
1894,94,"Trump"
1895,74,"Biden"
1896,62,"Trump"
1897,99,"Trump"
1898,37,"Trump"
1899,60,"Trump"
1900,89,"Biden"
1901,25,"Biden"
1902,32,"Biden"
1903,38,"Biden"
1904,67,"Biden"
1905,98,"Biden"
1906,75,"Biden"
1907,78,"Trump"
1908,50,"Biden"
1909,78,"Biden"
1910,40,"Trump"
1911,87,"Biden"
1912,98,"Trump"
1913,45,"Biden"
1914,21,"Trump"
1915,27,"Biden"
1916,46,"Trump"
1917,64,"Biden"
1918,19,"Biden"
1919,24,"Trump"
1920,99,"Trump"
1921,58,"Trump"
1922,18,"Trump"
1923,28,"Trump"
1924,89,"Trump"
1925,31,"Biden"
1926,25,"Biden"
1927,25,"Trump"
1928,88,"Trump"
1929,80,"Biden"
1930,80,"Biden"
1931,67,"Trump"
1932,25,"Biden"
1933,90,"Trump"
1934,55,"Biden"
1935,78,"Biden"
1936,65,"Biden"
1937,76,"Trump"
1938,54,"Trump"
1939,73,"Biden"
1940,69,"Biden"
1941,90,"Biden"
1942,20,"Trump"
1943,51,"Trump"
1944,18,"Biden"
1945,57,"Biden"
1946,75,"Biden"
1947,20,"Biden"
1948,23,"Trump"
1949,96,"Biden"
1950,98,"Biden"
1951,37,"Biden"
1952,36,"Trump"
1953,35,"Biden"
1954,33,"Biden"
1955,28,"Trump"
1956,86,"Biden"
1957,93,"Biden"
1958,84,"Biden"
1959,55,"Biden"
1960,53,"Biden"
1961,45,"Biden"
1962,72,"Trump"
1963,78,"Trump"
1964,38,"Biden"
1965,27,"Trump"
1966,37,"Biden"
1967,58,"Trump"
1968,64,"Biden"
1969,47,"Biden"
1970,67,"Biden"
1971,92,"Trump"
1972,45,"Biden"
1973,99,"Trump"
1974,83,"Trump"
1975,38,"Trump"
1976,75,"Biden"
1977,72,"Trump"
1978,36,"Biden"
1979,32,"Biden"
1980,59,"Trump"
1981,70,"Biden"
1982,86,"Biden"
1983,35,"Trump"
1984,58,"Biden"
1985,92,"Trump"
1986,82,"Trump"
1987,24,"Biden"
1988,63,"Biden"
1989,52,"Trump"
1990,30,"Trump"
1991,97,"Biden"
1992,45,"Trump"
1993,25,"Biden"
1994,68,"Trump"
1995,85,"Trump"
1996,60,"Trump"
1997,73,"Biden"
1998,28,"Biden"
1999,27,"Trump"
2000,88,"Biden"
2001,81,"Trump"
2002,63,"Biden"
2003,92,"Biden"
2004,19,"Trump"
2005,94,"Trump"
2006,76,"Trump"
2007,42,"Biden"
2008,40,"Trump"
2009,37,"Trump"
2010,85,"Biden"
2011,52,"Biden"
2012,91,"Biden"
2013,69,"Biden"
2014,18,"Biden"
2015,100,"Biden"
2016,56,"Trump"
2017,56,"Biden"
2018,80,"Biden"
2019,54,"Biden"
2020,59,"Biden"
2021,76,"Biden"
2022,65,"Trump"
2023,48,"Trump"
2024,76,"Biden"
2025,70,"Biden"
2026,64,"Biden"
2027,31,"Biden"
2028,50,"Trump"
2029,54,"Trump"
2030,29,"Trump"
2031,88,"Biden"
2032,39,"Biden"
2033,40,"Trump"
2034,37,"Biden"
2035,27,"Biden"
2036,84,"Biden"
2037,26,"Trump"
2038,44,"Trump"
2039,92,"Biden"
2040,34,"Trump"
2041,85,"Biden"
2042,80,"Trump"
2043,50,"Biden"
2044,60,"Biden"
2045,40,"Trump"
2046,98,"Biden"
2047,57,"Trump"
2048,34,"Trump"
2049,85,"Biden"
2050,68,"Trump"
2051,40,"Biden"
2052,33,"Biden"
2053,29,"Biden"
2054,71,"Biden"
2055,20,"Biden"
2056,24,"Trump"
2057,20,"Trump"
2058,70,"Trump"
2059,37,"Trump"
2060,36,"Biden"
2061,78,"Trump"
2062,21,"Biden"
2063,43,"Trump"
2064,25,"Trump"
2065,66,"Biden"
2066,75,"Trump"
2067,32,"Trump"
2068,90,"Trump"
2069,30,"Biden"
2070,78,"Biden"
2071,48,"Biden"
2072,60,"Trump"
2073,22,"Biden"
2074,41,"Biden"
2075,53,"Biden"
2076,76,"Biden"
2077,55,"Biden"
2078,86,"Biden"
2079,78,"Trump"
2080,36,"Biden"
2081,29,"Trump"
2082,50,"Trump"
2083,91,"Biden"
2084,48,"Trump"
2085,53,"Trump"
2086,91,"Trump"
2087,32,"Trump"
2088,45,"Trump"
2089,25,"Trump"
2090,63,"Trump"
2091,77,"Biden"
2092,89,"Biden"
2093,59,"Trump"
2094,87,"Biden"
2095,85,"Biden"
2096,60,"Trump"
2097,97,"Trump"
2098,80,"Trump"
2099,57,"Trump"
2100,63,"Trump"
2101,37,"Biden"
2102,24,"Trump"
2103,90,"Biden"
2104,70,"Biden"
2105,28,"Biden"
2106,66,"Trump"
2107,19,"Biden"
2108,46,"Trump"
2109,54,"Trump"
2110,47,"Biden"
2111,69,"Trump"
2112,23,"Trump"
2113,80,"Trump"
2114,72,"Biden"
2115,52,"Trump"
2116,44,"Trump"
2117,95,"Biden"
2118,58,"Trump"
2119,77,"Biden"
2120,49,"Trump"
2121,77,"Trump"
2122,21,"Biden"
2123,68,"Trump"
2124,57,"Biden"
2125,55,"Trump"
2126,51,"Biden"
2127,35,"Trump"
2128,52,"Biden"
2129,47,"Biden"
2130,20,"Trump"
2131,89,"Trump"
2132,90,"Trump"
2133,49,"Biden"
2134,47,"Trump"
2135,42,"Trump"
2136,61,"Biden"
2137,36,"Biden"
2138,83,"Biden"
2139,61,"Biden"
2140,35,"Biden"
2141,91,"Trump"
2142,68,"Trump"
2143,64,"Biden"
2144,64,"Trump"
2145,20,"Trump"
2146,87,"Biden"
2147,65,"Trump"
2148,72,"Trump"
2149,61,"Trump"
2150,48,"Biden"
2151,64,"Biden"
2152,69,"Trump"
2153,78,"Trump"
2154,37,"Trump"
2155,87,"Biden"
2156,68,"Biden"
2157,73,"Biden"
2158,61,"Trump"
2159,61,"Biden"
2160,75,"Biden"
2161,51,"Biden"
2162,87,"Trump"
2163,91,"Biden"
2164,24,"Trump"
2165,34,"Trump"
2166,57,"Biden"
2167,70,"Trump"
2168,54,"Biden"
2169,96,"Trump"
2170,98,"Trump"
2171,32,"Trump"
2172,62,"Biden"
2173,66,"Trump"
2174,98,"Biden"
2175,38,"Trump"
2176,47,"Biden"
2177,53,"Biden"
2178,71,"Trump"
2179,83,"Trump"
2180,29,"Trump"
2181,44,"Biden"
2182,84,"Trump"
2183,36,"Biden"
2184,51,"Biden"
2185,41,"Trump"
2186,53,"Biden"
2187,44,"Trump"
2188,95,"Biden"
2189,57,"Biden"
2190,66,"Trump"
2191,79,"Trump"
2192,39,"Biden"
2193,41,"Biden"
2194,54,"Trump"
2195,53,"Biden"
2196,62,"Trump"
2197,76,"Biden"
2198,65,"Biden"
2199,94,"Biden"
2200,21,"Trump"
2201,80,"Trump"
2202,33,"Trump"
2203,79,"Biden"
2204,40,"Biden"
2205,49,"Biden"
2206,40,"Trump"
2207,86,"Trump"
2208,93,"Trump"
2209,71,"Biden"
2210,100,"Biden"
2211,75,"Trump"
2212,33,"Trump"
2213,61,"Trump"
2214,27,"Biden"
2215,76,"Trump"
2216,25,"Biden"
2217,80,"Trump"
2218,37,"Trump"
2219,35,"Biden"
2220,55,"Trump"
2221,48,"Biden"
2222,51,"Biden"
2223,66,"Trump"
2224,76,"Trump"
2225,93,"Biden"
2226,94,"Trump"
2227,45,"Trump"
2228,67,"Trump"
2229,45,"Biden"
2230,61,"Trump"
2231,24,"Trump"
2232,91,"Biden"
2233,89,"Biden"
2234,93,"Trump"
2235,63,"Biden"
2236,49,"Biden"
2237,75,"Trump"
2238,36,"Biden"
2239,90,"Biden"
2240,25,"Trump"
2241,58,"Trump"
2242,59,"Biden"
2243,56,"Biden"
2244,40,"Biden"
2245,44,"Biden"
2246,21,"Trump"
2247,51,"Biden"
2248,43,"Trump"
2249,64,"Trump"
2250,81,"Trump"
2251,82,"Biden"
2252,88,"Biden"
2253,34,"Trump"
2254,60,"Trump"
2255,53,"Biden"
2256,55,"Trump"
2257,77,"Trump"
2258,34,"Biden"
2259,81,"Trump"
2260,76,"Trump"
2261,43,"Biden"
2262,98,"Biden"
2263,49,"Trump"
2264,88,"Trump"
2265,86,"Trump"
2266,46,"Trump"
2267,38,"Trump"
2268,65,"Trump"
2269,54,"Biden"
2270,28,"Trump"
2271,75,"Biden"
2272,28,"Biden"
2273,39,"Biden"
2274,34,"Biden"
2275,96,"Trump"
2276,51,"Trump"
2277,90,"Trump"
2278,52,"Biden"
2279,21,"Biden"
2280,58,"Biden"
2281,92,"Biden"
2282,100,"Trump"
2283,58,"Biden"
2284,59,"Trump"
2285,33,"Trump"
2286,30,"Trump"
2287,41,"Trump"
2288,94,"Biden"
2289,64,"Biden"
2290,21,"Trump"
2291,89,"Biden"
2292,27,"Biden"
2293,54,"Trump"
2294,35,"Biden"
2295,95,"Trump"
2296,39,"Biden"
2297,36,"Trump"
2298,100,"Trump"
2299,67,"Trump"
2300,55,"Biden"
2301,57,"Biden"
2302,24,"Biden"
2303,53,"Trump"
2304,29,"Biden"
2305,27,"Biden"
2306,77,"Biden"
2307,27,"Trump"
2308,96,"Biden"
2309,91,"Biden"
2310,92,"Trump"
2311,61,"Biden"
2312,78,"Biden"
2313,71,"Trump"
2314,83,"Trump"
2315,50,"Biden"
2316,38,"Trump"
2317,36,"Trump"
2318,96,"Biden"
2319,62,"Biden"
2320,23,"Trump"
2321,84,"Biden"
2322,53,"Trump"
2323,91,"Trump"
2324,84,"Trump"
2325,21,"Biden"
2326,55,"Trump"
2327,96,"Biden"
2328,56,"Trump"
2329,83,"Biden"
2330,30,"Biden"
2331,80,"Biden"
2332,41,"Trump"
2333,87,"Trump"
2334,83,"Biden"
2335,47,"Biden"
2336,29,"Biden"
2337,58,"Trump"
2338,76,"Biden"
2339,61,"Trump"
2340,19,"Trump"
2341,77,"Biden"
2342,60,"Biden"
2343,58,"Trump"
2344,73,"Biden"
2345,93,"Biden"
2346,82,"Biden"
2347,44,"Trump"
2348,51,"Trump"
2349,67,"Trump"
2350,56,"Biden"
2351,45,"Trump"
2352,86,"Trump"
2353,64,"Trump"
2354,46,"Biden"
2355,71,"Trump"
2356,38,"Biden"
2357,86,"Biden"
2358,29,"Biden"
2359,53,"Biden"
2360,85,"Trump"
2361,42,"Biden"
2362,18,"Biden"
2363,43,"Trump"
2364,69,"Trump"
2365,81,"Trump"
2366,97,"Biden"
2367,96,"Biden"
2368,31,"Biden"
2369,91,"Biden"
2370,65,"Biden"
2371,31,"Trump"
2372,78,"Trump"
2373,94,"Biden"
2374,25,"Trump"
2375,35,"Biden"
2376,32,"Trump"
2377,72,"Trump"
2378,51,"Biden"
2379,42,"Biden"
2380,75,"Biden"
2381,92,"Biden"
2382,18,"Biden"
2383,71,"Biden"
2384,94,"Biden"
2385,57,"Biden"
2386,89,"Biden"
2387,35,"Biden"
2388,56,"Trump"
2389,62,"Biden"
2390,96,"Biden"
2391,97,"Biden"
2392,41,"Trump"
2393,61,"Trump"
2394,97,"Trump"
2395,60,"Trump"
2396,86,"Biden"
2397,21,"Trump"
2398,43,"Biden"
2399,74,"Biden"
2400,95,"Biden"
2401,89,"Biden"
2402,96,"Trump"
2403,47,"Trump"
2404,60,"Biden"
2405,73,"Trump"
2406,69,"Biden"
2407,91,"Trump"
2408,100,"Biden"
2409,22,"Biden"
2410,18,"Trump"
2411,93,"Biden"
2412,35,"Trump"
2413,23,"Biden"
2414,81,"Trump"
2415,96,"Biden"
2416,67,"Trump"
2417,59,"Trump"
2418,50,"Trump"
2419,46,"Trump"
2420,79,"Biden"
2421,23,"Trump"
2422,76,"Trump"
2423,38,"Trump"
2424,42,"Trump"
2425,32,"Biden"
2426,89,"Trump"
2427,39,"Trump"
2428,54,"Biden"
2429,77,"Biden"
2430,67,"Biden"
2431,25,"Trump"
2432,53,"Biden"
2433,58,"Trump"
2434,92,"Biden"
2435,73,"Biden"
2436,48,"Biden"
2437,97,"Trump"
2438,27,"Trump"
2439,50,"Biden"
2440,28,"Trump"
2441,83,"Biden"
2442,25,"Biden"
2443,40,"Biden"
2444,59,"Biden"
2445,46,"Trump"
2446,69,"Trump"
2447,68,"Biden"
2448,21,"Trump"
2449,62,"Trump"
2450,32,"Trump"
2451,52,"Biden"
2452,67,"Trump"
2453,49,"Trump"
2454,85,"Trump"
2455,99,"Trump"
2456,34,"Biden"
2457,91,"Biden"
2458,80,"Trump"
2459,33,"Trump"
2460,48,"Trump"
2461,87,"Biden"
2462,86,"Trump"
2463,51,"Biden"
2464,94,"Biden"
2465,39,"Trump"
2466,28,"Trump"
2467,19,"Trump"
2468,46,"Trump"
2469,20,"Trump"
2470,86,"Trump"
2471,21,"Biden"
2472,79,"Biden"
2473,36,"Trump"
2474,86,"Biden"
2475,35,"Biden"
2476,31,"Trump"
2477,90,"Biden"
2478,73,"Trump"
2479,28,"Biden"
2480,78,"Trump"
2481,52,"Trump"
2482,60,"Biden"
2483,69,"Trump"
2484,55,"Biden"
2485,82,"Trump"
2486,87,"Trump"
2487,43,"Trump"
2488,21,"Biden"
2489,99,"Biden"
2490,60,"Biden"
2491,63,"Biden"
2492,47,"Biden"
2493,87,"Trump"
2494,85,"Trump"
2495,29,"Trump"
2496,70,"Biden"
2497,46,"Trump"
2498,59,"Biden"
2499,91,"Trump"
2500,69,"Trump"
2501,24,"Trump"
2502,88,"Trump"
2503,52,"Trump"
2504,23,"Trump"
2505,58,"Biden"
2506,48,"Biden"
2507,19,"Biden"
2508,62,"Biden"
2509,47,"Trump"
2510,18,"Trump"
2511,25,"Biden"
2512,79,"Biden"
2513,60,"Biden"
2514,62,"Biden"
2515,62,"Biden"
2516,82,"Trump"
2517,26,"Biden"
2518,48,"Biden"
2519,23,"Trump"
2520,87,"Biden"
2521,76,"Trump"
2522,92,"Biden"
2523,21,"Biden"
2524,28,"Biden"
2525,29,"Trump"
2526,33,"Trump"
2527,38,"Biden"
2528,48,"Biden"
2529,35,"Trump"
2530,51,"Biden"
2531,35,"Trump"
2532,89,"Biden"
2533,46,"Trump"
2534,54,"Trump"
2535,80,"Trump"
2536,58,"Biden"
2537,51,"Biden"
2538,80,"Trump"
2539,21,"Trump"
2540,93,"Biden"
2541,18,"Trump"
2542,49,"Biden"
2543,29,"Trump"
2544,92,"Trump"
2545,29,"Trump"
2546,28,"Biden"
2547,32,"Trump"
2548,45,"Biden"
2549,79,"Biden"
2550,76,"Trump"
2551,40,"Biden"
2552,86,"Biden"
2553,44,"Trump"
2554,72,"Biden"
2555,37,"Trump"
2556,99,"Trump"
2557,52,"Biden"
2558,44,"Trump"
2559,96,"Biden"
2560,84,"Biden"
2561,22,"Trump"
2562,35,"Trump"
2563,73,"Trump"
2564,47,"Trump"
2565,91,"Biden"
2566,54,"Trump"
2567,84,"Biden"
2568,57,"Trump"
2569,92,"Trump"
2570,94,"Trump"
2571,100,"Biden"
2572,53,"Biden"
2573,76,"Trump"
2574,34,"Biden"
2575,85,"Biden"
2576,97,"Trump"
2577,31,"Biden"
2578,28,"Biden"
2579,71,"Biden"
2580,22,"Biden"
2581,60,"Trump"
2582,29,"Biden"
2583,87,"Trump"
2584,52,"Biden"
2585,32,"Biden"
2586,95,"Trump"
2587,34,"Trump"
2588,88,"Trump"
2589,82,"Biden"
2590,35,"Biden"
2591,84,"Trump"
2592,26,"Trump"
2593,28,"Biden"
2594,37,"Trump"
2595,66,"Biden"
2596,40,"Biden"
2597,64,"Trump"
2598,43,"Biden"
2599,53,"Trump"
2600,28,"Biden"
2601,61,"Biden"
2602,94,"Trump"
2603,99,"Biden"
2604,89,"Trump"
2605,68,"Biden"
2606,97,"Biden"
2607,96,"Biden"
2608,38,"Biden"
2609,69,"Trump"
2610,54,"Biden"
2611,88,"Trump"
2612,48,"Trump"
2613,48,"Trump"
2614,67,"Trump"
2615,67,"Biden"
2616,33,"Biden"
2617,28,"Biden"
2618,26,"Trump"
2619,78,"Biden"
2620,90,"Trump"
2621,18,"Trump"
2622,42,"Trump"
2623,67,"Biden"
2624,44,"Biden"
2625,81,"Trump"
2626,78,"Biden"
2627,45,"Biden"
2628,55,"Trump"
2629,51,"Trump"
2630,45,"Trump"
2631,92,"Biden"
2632,22,"Biden"
2633,74,"Biden"
2634,20,"Trump"
2635,22,"Trump"
2636,46,"Biden"
2637,89,"Biden"
2638,20,"Biden"
2639,63,"Biden"
2640,79,"Trump"
2641,31,"Biden"
2642,96,"Trump"
2643,96,"Trump"
2644,84,"Trump"
2645,99,"Trump"
2646,94,"Biden"
2647,19,"Biden"
2648,63,"Biden"
2649,75,"Biden"
2650,87,"Trump"
2651,33,"Biden"
2652,18,"Biden"
2653,52,"Trump"
2654,49,"Trump"
2655,46,"Trump"
2656,72,"Biden"
2657,36,"Trump"
2658,75,"Trump"
2659,29,"Trump"
2660,99,"Trump"
2661,85,"Trump"
2662,38,"Biden"
2663,48,"Biden"
2664,78,"Biden"
2665,95,"Biden"
2666,89,"Trump"
2667,59,"Trump"
2668,63,"Trump"
2669,48,"Trump"
2670,68,"Biden"
2671,73,"Biden"
2672,59,"Trump"
2673,36,"Trump"
2674,64,"Biden"
2675,98,"Biden"
2676,34,"Biden"
2677,51,"Trump"
2678,75,"Trump"
2679,66,"Biden"
2680,35,"Biden"
2681,84,"Trump"
2682,75,"Trump"
2683,83,"Biden"
2684,62,"Trump"
2685,84,"Trump"
2686,33,"Biden"
2687,38,"Trump"
2688,90,"Trump"
2689,59,"Biden"
2690,98,"Biden"
2691,63,"Trump"
2692,52,"Biden"
2693,53,"Biden"
2694,82,"Trump"
2695,91,"Trump"
2696,43,"Biden"
2697,97,"Biden"
2698,38,"Biden"
2699,53,"Trump"
2700,42,"Trump"
2701,72,"Biden"
2702,93,"Biden"
2703,72,"Trump"
2704,24,"Biden"
2705,38,"Trump"
2706,41,"Biden"
2707,74,"Biden"
2708,68,"Trump"
2709,55,"Biden"
2710,68,"Biden"
2711,76,"Biden"
2712,35,"Biden"
2713,31,"Trump"
2714,65,"Trump"
2715,60,"Biden"
2716,66,"Biden"
2717,57,"Biden"
2718,46,"Biden"
2719,40,"Trump"
2720,88,"Trump"
2721,21,"Trump"
2722,93,"Trump"
2723,77,"Trump"
2724,99,"Trump"
2725,43,"Trump"
2726,34,"Biden"
2727,77,"Trump"
2728,47,"Trump"
2729,50,"Biden"
2730,55,"Trump"
2731,51,"Trump"
2732,59,"Biden"
2733,67,"Biden"
2734,51,"Biden"
2735,59,"Trump"
2736,92,"Trump"
2737,47,"Trump"
2738,25,"Trump"
2739,77,"Biden"
2740,72,"Biden"
2741,95,"Trump"
2742,21,"Biden"
2743,43,"Biden"
2744,67,"Biden"
2745,53,"Trump"
2746,98,"Trump"
2747,27,"Biden"
2748,68,"Trump"
2749,75,"Biden"
2750,82,"Trump"
2751,31,"Trump"
2752,86,"Trump"
2753,94,"Biden"
2754,96,"Biden"
2755,69,"Biden"
2756,77,"Trump"
2757,37,"Biden"
2758,88,"Biden"
2759,49,"Trump"
2760,61,"Trump"
2761,38,"Biden"
2762,73,"Trump"
2763,49,"Trump"
2764,67,"Trump"
2765,56,"Biden"
2766,53,"Trump"
2767,60,"Trump"
2768,51,"Trump"
2769,22,"Biden"
2770,54,"Trump"
2771,64,"Biden"
2772,21,"Trump"
2773,35,"Biden"
2774,55,"Trump"
2775,52,"Biden"
2776,91,"Biden"
2777,99,"Biden"
2778,83,"Biden"
2779,72,"Trump"
2780,89,"Trump"
2781,99,"Trump"
2782,23,"Biden"
2783,71,"Trump"
2784,58,"Trump"
2785,94,"Trump"
2786,31,"Biden"
2787,94,"Trump"
2788,26,"Biden"
2789,51,"Biden"
2790,93,"Trump"
2791,58,"Trump"
2792,26,"Biden"
2793,99,"Biden"
2794,48,"Trump"
2795,26,"Trump"
2796,75,"Biden"
2797,54,"Biden"
2798,83,"Biden"
2799,37,"Trump"
2800,80,"Trump"
2801,57,"Trump"
2802,33,"Trump"
2803,80,"Biden"
2804,19,"Trump"
2805,61,"Trump"
2806,33,"Biden"
2807,37,"Biden"
2808,82,"Trump"
2809,34,"Trump"
2810,26,"Trump"
2811,55,"Biden"
2812,49,"Biden"
2813,91,"Biden"
2814,65,"Trump"
2815,49,"Trump"
2816,36,"Trump"
2817,92,"Trump"
2818,96,"Biden"
2819,24,"Biden"
2820,20,"Trump"
2821,77,"Biden"
2822,99,"Biden"
2823,68,"Trump"
2824,35,"Biden"
2825,42,"Biden"
2826,35,"Biden"
2827,21,"Trump"
2828,27,"Biden"
2829,36,"Biden"
2830,55,"Trump"
2831,38,"Biden"
2832,53,"Trump"
2833,89,"Trump"
2834,88,"Trump"
2835,50,"Biden"
2836,51,"Trump"
2837,30,"Trump"
2838,49,"Biden"
2839,29,"Trump"
2840,21,"Biden"
2841,68,"Biden"
2842,93,"Biden"
2843,18,"Biden"
2844,98,"Biden"
2845,33,"Biden"
2846,19,"Trump"
2847,88,"Biden"
2848,81,"Trump"
2849,48,"Biden"
2850,76,"Trump"
2851,63,"Trump"
2852,76,"Biden"
2853,32,"Trump"
2854,33,"Trump"
2855,56,"Trump"
2856,49,"Biden"
2857,85,"Biden"
2858,91,"Biden"
2859,27,"Trump"
2860,82,"Trump"
2861,63,"Trump"
2862,57,"Biden"
2863,92,"Trump"
2864,23,"Trump"
2865,66,"Trump"
2866,29,"Trump"
2867,72,"Trump"
2868,46,"Biden"
2869,18,"Biden"
2870,84,"Biden"
2871,87,"Trump"
2872,19,"Biden"
2873,89,"Trump"
2874,69,"Biden"
2875,66,"Biden"
2876,81,"Trump"
2877,53,"Biden"
2878,88,"Biden"
2879,80,"Biden"
2880,78,"Biden"
2881,67,"Biden"
2882,33,"Trump"
2883,41,"Biden"
2884,18,"Trump"
2885,23,"Trump"
2886,89,"Biden"
2887,84,"Trump"
2888,87,"Trump"
2889,33,"Biden"
2890,51,"Trump"
2891,31,"Biden"
2892,76,"Trump"
2893,87,"Trump"
2894,40,"Trump"
2895,18,"Biden"
2896,85,"Biden"
2897,44,"Trump"
2898,60,"Trump"
2899,47,"Trump"
2900,83,"Trump"
2901,37,"Biden"
2902,37,"Trump"
2903,81,"Biden"
2904,18,"Biden"
2905,49,"Biden"
2906,91,"Biden"
2907,74,"Trump"
2908,95,"Biden"
2909,82,"Biden"
2910,56,"Biden"
2911,28,"Biden"
2912,56,"Biden"
2913,46,"Trump"
2914,63,"Trump"
2915,78,"Biden"
2916,86,"Biden"
2917,75,"Trump"
2918,63,"Biden"
2919,61,"Trump"
2920,57,"Biden"
2921,49,"Biden"
2922,88,"Biden"
2923,51,"Trump"
2924,18,"Biden"
2925,28,"Biden"
2926,57,"Trump"
2927,65,"Trump"
2928,30,"Trump"
2929,34,"Biden"
2930,28,"Trump"
2931,81,"Biden"
2932,75,"Biden"
2933,91,"Trump"
2934,67,"Biden"
2935,31,"Trump"
2936,29,"Biden"
2937,90,"Biden"
2938,21,"Trump"
2939,76,"Biden"
2940,60,"Biden"
2941,44,"Biden"
2942,67,"Trump"
2943,93,"Biden"
2944,26,"Trump"
2945,33,"Trump"
2946,45,"Biden"
2947,94,"Biden"
2948,88,"Biden"
2949,20,"Biden"
2950,29,"Trump"
2951,37,"Trump"
2952,33,"Trump"
2953,50,"Biden"
2954,60,"Biden"
2955,82,"Trump"
2956,69,"Trump"
2957,33,"Trump"
2958,52,"Biden"
2959,32,"Biden"
2960,57,"Trump"
2961,34,"Trump"
2962,39,"Trump"
2963,47,"Biden"
2964,58,"Trump"
2965,30,"Biden"
2966,74,"Biden"
2967,18,"Trump"
2968,69,"Biden"
2969,93,"Biden"
2970,48,"Trump"
2971,81,"Trump"
2972,51,"Trump"
2973,59,"Trump"
2974,22,"Biden"
2975,20,"Trump"
2976,22,"Biden"
2977,94,"Trump"
2978,96,"Biden"
2979,23,"Biden"
2980,82,"Trump"
2981,91,"Biden"
2982,72,"Trump"
2983,42,"Trump"
2984,60,"Trump"
2985,37,"Trump"
2986,99,"Biden"
2987,32,"Biden"
2988,56,"Biden"
2989,20,"Biden"
2990,78,"Trump"
2991,36,"Biden"
2992,54,"Trump"
2993,64,"Biden"
2994,100,"Biden"
2995,71,"Biden"
2996,24,"Trump"
2997,33,"Trump"
2998,22,"Biden"
2999,41,"Trump"
3000,73,"Biden"
3001,59,"Biden"
3002,50,"Biden"
3003,53,"Biden"
3004,44,"Biden"
3005,80,"Biden"
3006,37,"Biden"
3007,26,"Biden"
3008,86,"Trump"
3009,24,"Biden"
3010,70,"Trump"
3011,50,"Trump"
3012,69,"Trump"
3013,19,"Biden"
3014,18,"Trump"
3015,48,"Biden"
3016,59,"Biden"
3017,21,"Trump"
3018,53,"Biden"
3019,81,"Trump"
3020,51,"Biden"
3021,33,"Trump"
3022,77,"Trump"
3023,33,"Biden"
3024,57,"Trump"
3025,60,"Trump"
3026,34,"Trump"
3027,33,"Biden"
3028,51,"Biden"
3029,25,"Trump"
3030,86,"Biden"
3031,29,"Trump"
3032,76,"Trump"
3033,40,"Trump"
3034,83,"Trump"
3035,32,"Biden"
3036,54,"Trump"
3037,58,"Trump"
3038,96,"Trump"
3039,90,"Biden"
3040,92,"Trump"
3041,91,"Trump"
3042,66,"Trump"
3043,56,"Biden"
3044,45,"Trump"
3045,34,"Trump"
3046,54,"Biden"
3047,52,"Biden"
3048,99,"Trump"
3049,95,"Trump"
3050,78,"Biden"
3051,88,"Trump"
3052,62,"Trump"
3053,48,"Trump"
3054,20,"Biden"
3055,51,"Trump"
3056,42,"Biden"
3057,92,"Biden"
3058,97,"Trump"
3059,74,"Trump"
3060,53,"Trump"
3061,24,"Biden"
3062,27,"Biden"
3063,37,"Trump"
3064,79,"Biden"
3065,34,"Trump"
3066,95,"Trump"
3067,20,"Biden"
3068,69,"Biden"
3069,95,"Biden"
3070,47,"Trump"
3071,52,"Biden"
3072,95,"Trump"
3073,34,"Biden"
3074,28,"Biden"
3075,18,"Biden"
3076,90,"Biden"
3077,76,"Trump"
3078,84,"Trump"
3079,69,"Biden"
3080,61,"Biden"
3081,39,"Biden"
3082,61,"Biden"
3083,65,"Biden"
3084,58,"Trump"
3085,90,"Biden"
3086,32,"Biden"
3087,63,"Trump"
3088,52,"Biden"
3089,25,"Trump"
3090,65,"Biden"
3091,82,"Biden"
3092,18,"Biden"
3093,46,"Trump"
3094,79,"Biden"
3095,39,"Biden"
3096,40,"Trump"
3097,48,"Biden"
3098,28,"Biden"
3099,54,"Biden"
3100,41,"Biden"
3101,43,"Biden"
3102,57,"Trump"
3103,20,"Biden"
3104,37,"Trump"
3105,31,"Trump"
3106,33,"Biden"
3107,97,"Biden"
3108,31,"Biden"
3109,98,"Trump"
3110,80,"Trump"
3111,48,"Biden"
3112,34,"Trump"
3113,83,"Biden"
3114,33,"Biden"
3115,31,"Biden"
3116,54,"Biden"
3117,58,"Biden"
3118,41,"Biden"
3119,46,"Biden"
3120,38,"Biden"
3121,45,"Biden"
3122,27,"Biden"
3123,69,"Trump"
3124,35,"Trump"
3125,21,"Trump"
3126,58,"Trump"
3127,64,"Trump"
3128,83,"Trump"
3129,85,"Trump"
3130,29,"Trump"
3131,46,"Biden"
3132,67,"Biden"
3133,92,"Trump"
3134,47,"Trump"
3135,85,"Biden"
3136,27,"Biden"
3137,61,"Trump"
3138,83,"Trump"
3139,49,"Biden"
3140,67,"Biden"
3141,61,"Biden"
3142,23,"Trump"
3143,98,"Trump"
3144,41,"Trump"
3145,56,"Trump"
3146,95,"Biden"
3147,92,"Biden"
3148,59,"Biden"
3149,100,"Biden"
3150,64,"Trump"
3151,95,"Trump"
3152,27,"Trump"
3153,64,"Biden"
3154,50,"Biden"
3155,40,"Trump"
3156,48,"Biden"
3157,39,"Trump"
3158,46,"Trump"
3159,47,"Trump"
3160,98,"Trump"
3161,74,"Biden"
3162,90,"Biden"
3163,21,"Biden"
3164,88,"Trump"
3165,19,"Trump"
3166,43,"Biden"
3167,33,"Biden"
3168,62,"Trump"
3169,69,"Trump"
3170,56,"Trump"
3171,51,"Biden"
3172,71,"Trump"
3173,94,"Biden"
3174,56,"Biden"
3175,53,"Trump"
3176,52,"Trump"
3177,66,"Trump"
3178,62,"Trump"
3179,85,"Biden"
3180,81,"Biden"
3181,97,"Biden"
3182,89,"Trump"
3183,84,"Biden"
3184,98,"Biden"
3185,38,"Trump"
3186,47,"Trump"
3187,62,"Biden"
3188,91,"Trump"
3189,54,"Trump"
3190,76,"Biden"
3191,91,"Trump"
3192,21,"Trump"
3193,37,"Biden"
3194,60,"Trump"
3195,19,"Trump"
3196,63,"Biden"
3197,31,"Biden"
3198,23,"Trump"
3199,70,"Biden"
3200,67,"Trump"
3201,80,"Trump"
3202,83,"Trump"
3203,53,"Trump"
3204,49,"Biden"
3205,98,"Trump"
3206,40,"Biden"
3207,97,"Biden"
3208,78,"Biden"
3209,25,"Trump"
3210,83,"Biden"
3211,98,"Biden"
3212,52,"Biden"
3213,19,"Biden"
3214,50,"Trump"
3215,27,"Trump"
3216,100,"Trump"
3217,47,"Biden"
3218,75,"Biden"
3219,80,"Trump"
3220,35,"Biden"
3221,21,"Trump"
3222,79,"Trump"
3223,40,"Biden"
3224,19,"Trump"
3225,59,"Trump"
3226,49,"Biden"
3227,18,"Trump"
3228,78,"Trump"
3229,82,"Biden"
3230,100,"Trump"
3231,57,"Trump"
3232,47,"Trump"
3233,50,"Trump"
3234,91,"Trump"
3235,65,"Biden"
3236,88,"Biden"
3237,40,"Trump"
3238,63,"Trump"
3239,74,"Trump"
3240,80,"Trump"
3241,91,"Biden"
3242,47,"Biden"
3243,92,"Trump"
3244,61,"Biden"
3245,29,"Biden"
3246,87,"Trump"
3247,86,"Trump"
3248,72,"Trump"
3249,33,"Biden"
3250,64,"Trump"
3251,75,"Biden"
3252,68,"Biden"
3253,26,"Trump"
3254,45,"Trump"
3255,82,"Trump"
3256,67,"Biden"
3257,59,"Trump"
3258,34,"Biden"
3259,67,"Biden"
3260,55,"Biden"
3261,74,"Biden"
3262,92,"Trump"
3263,92,"Biden"
3264,37,"Biden"
3265,56,"Biden"
3266,95,"Biden"
3267,39,"Trump"
3268,39,"Biden"
3269,74,"Biden"
3270,87,"Biden"
3271,41,"Trump"
3272,68,"Trump"
3273,43,"Biden"
3274,19,"Trump"
3275,37,"Biden"
3276,30,"Biden"
3277,93,"Biden"
3278,64,"Trump"
3279,78,"Biden"
3280,77,"Biden"
3281,23,"Trump"
3282,97,"Trump"
3283,96,"Trump"
3284,58,"Biden"
3285,68,"Trump"
3286,96,"Trump"
3287,79,"Trump"
3288,25,"Trump"
3289,22,"Trump"
3290,70,"Biden"
3291,35,"Trump"
3292,98,"Trump"
3293,49,"Biden"
3294,37,"Biden"
3295,95,"Trump"
3296,37,"Trump"
3297,83,"Biden"
3298,55,"Biden"
3299,78,"Biden"
3300,78,"Trump"
3301,46,"Biden"
3302,88,"Trump"
3303,40,"Biden"
3304,24,"Biden"
3305,36,"Trump"
3306,59,"Trump"
3307,65,"Trump"
3308,47,"Trump"
3309,39,"Trump"
3310,78,"Trump"
3311,18,"Biden"
3312,18,"Biden"
3313,69,"Trump"
3314,98,"Biden"
3315,18,"Trump"
3316,100,"Trump"
3317,83,"Biden"
3318,49,"Biden"
3319,82,"Biden"
3320,48,"Biden"
3321,26,"Biden"
3322,19,"Biden"
3323,74,"Biden"
3324,79,"Trump"
3325,59,"Biden"
3326,83,"Biden"
3327,43,"Trump"
3328,81,"Trump"
3329,76,"Trump"
3330,80,"Biden"
3331,62,"Trump"
3332,90,"Trump"
3333,93,"Trump"
3334,52,"Biden"
3335,47,"Biden"
3336,47,"Biden"
3337,52,"Biden"
3338,95,"Trump"
3339,71,"Biden"
3340,63,"Biden"
3341,66,"Biden"
3342,48,"Biden"
3343,47,"Biden"
3344,45,"Trump"
3345,97,"Biden"
3346,70,"Biden"
3347,39,"Trump"
3348,72,"Biden"
3349,38,"Biden"
3350,46,"Biden"
3351,49,"Trump"
3352,85,"Biden"
3353,79,"Trump"
3354,93,"Trump"
3355,84,"Biden"
3356,31,"Trump"
3357,71,"Biden"
3358,31,"Trump"
3359,35,"Trump"
3360,69,"Biden"
3361,27,"Biden"
3362,47,"Trump"
3363,97,"Biden"
3364,30,"Biden"
3365,61,"Biden"
3366,43,"Biden"
3367,41,"Trump"
3368,58,"Trump"
3369,49,"Biden"
3370,44,"Trump"
3371,27,"Trump"
3372,27,"Trump"
3373,19,"Trump"
3374,87,"Trump"
3375,74,"Trump"
3376,83,"Biden"
3377,62,"Trump"
3378,99,"Biden"
3379,35,"Trump"
3380,92,"Trump"
3381,24,"Trump"
3382,31,"Trump"
3383,73,"Trump"
3384,67,"Biden"
3385,51,"Biden"
3386,65,"Biden"
3387,99,"Biden"
3388,79,"Trump"
3389,41,"Trump"
3390,90,"Trump"
3391,58,"Biden"
3392,18,"Biden"
3393,81,"Biden"
3394,51,"Biden"
3395,78,"Biden"
3396,55,"Trump"
3397,67,"Biden"
3398,34,"Biden"
3399,19,"Trump"
3400,55,"Trump"
3401,31,"Trump"
3402,18,"Biden"
3403,74,"Biden"
3404,80,"Biden"
3405,78,"Trump"
3406,75,"Biden"
3407,37,"Biden"
3408,94,"Trump"
3409,64,"Trump"
3410,60,"Biden"
3411,56,"Biden"
3412,74,"Biden"
3413,76,"Trump"
3414,75,"Trump"
3415,39,"Trump"
3416,61,"Biden"
3417,74,"Trump"
3418,53,"Trump"
3419,98,"Trump"
3420,87,"Biden"
3421,51,"Biden"
3422,78,"Trump"
3423,55,"Trump"
3424,64,"Trump"
3425,95,"Trump"
3426,25,"Biden"
3427,52,"Biden"
3428,72,"Trump"
3429,57,"Trump"
3430,89,"Trump"
3431,23,"Trump"
3432,43,"Biden"
3433,69,"Trump"
3434,60,"Trump"
3435,21,"Biden"
3436,28,"Trump"
3437,37,"Biden"
3438,41,"Trump"
3439,21,"Trump"
3440,21,"Biden"
3441,81,"Trump"
3442,18,"Biden"
3443,32,"Trump"
3444,97,"Biden"
3445,99,"Biden"
3446,28,"Trump"
3447,74,"Trump"
3448,50,"Biden"
3449,30,"Trump"
3450,18,"Trump"
3451,80,"Trump"
3452,81,"Trump"
3453,52,"Biden"
3454,37,"Biden"
3455,93,"Biden"
3456,97,"Biden"
3457,19,"Trump"
3458,85,"Trump"
3459,71,"Biden"
3460,86,"Biden"
3461,100,"Trump"
3462,81,"Trump"
3463,80,"Biden"
3464,52,"Trump"
3465,51,"Trump"
3466,43,"Biden"
3467,59,"Biden"
3468,80,"Biden"
3469,74,"Trump"
3470,22,"Biden"
3471,68,"Trump"
3472,39,"Trump"
3473,21,"Biden"
3474,32,"Biden"
3475,20,"Trump"
3476,96,"Biden"
3477,60,"Biden"
3478,57,"Trump"
3479,51,"Biden"
3480,67,"Trump"
3481,36,"Biden"
3482,63,"Biden"
3483,59,"Biden"
3484,20,"Biden"
3485,19,"Trump"
3486,55,"Trump"
3487,49,"Trump"
3488,70,"Biden"
3489,92,"Biden"
3490,93,"Trump"
3491,35,"Biden"
3492,47,"Trump"
3493,24,"Trump"
3494,30,"Trump"
3495,94,"Biden"
3496,92,"Trump"
3497,94,"Trump"
3498,27,"Trump"
3499,33,"Biden"
3500,70,"Trump"
3501,18,"Trump"
3502,74,"Trump"
3503,24,"Trump"
3504,52,"Trump"
3505,97,"Biden"
3506,91,"Trump"
3507,98,"Trump"
3508,82,"Biden"
3509,77,"Biden"
3510,77,"Biden"
3511,42,"Trump"
3512,75,"Trump"
3513,71,"Trump"
3514,19,"Trump"
3515,51,"Trump"
3516,54,"Biden"
3517,86,"Trump"
3518,88,"Biden"
3519,51,"Biden"
3520,79,"Biden"
3521,53,"Trump"
3522,65,"Biden"
3523,77,"Biden"
3524,36,"Biden"
3525,37,"Biden"
3526,32,"Biden"
3527,28,"Trump"
3528,67,"Trump"
3529,66,"Trump"
3530,84,"Biden"
3531,41,"Trump"
3532,79,"Trump"
3533,85,"Trump"
3534,50,"Trump"
3535,30,"Biden"
3536,66,"Trump"
3537,70,"Trump"
3538,76,"Trump"
3539,87,"Trump"
3540,24,"Trump"
3541,56,"Biden"
3542,77,"Trump"
3543,80,"Biden"
3544,77,"Trump"
3545,71,"Biden"
3546,38,"Biden"
3547,64,"Trump"
3548,22,"Trump"
3549,65,"Biden"
3550,50,"Trump"
3551,27,"Biden"
3552,32,"Biden"
3553,68,"Biden"
3554,38,"Trump"
3555,21,"Biden"
3556,64,"Trump"
3557,35,"Biden"
3558,76,"Biden"
3559,26,"Trump"
3560,70,"Biden"
3561,50,"Biden"
3562,25,"Biden"
3563,52,"Biden"
3564,45,"Trump"
3565,99,"Trump"
3566,41,"Biden"
3567,71,"Biden"
3568,54,"Biden"
3569,21,"Biden"
3570,33,"Trump"
3571,47,"Biden"
3572,21,"Biden"
3573,27,"Biden"
3574,42,"Biden"
3575,36,"Trump"
3576,70,"Biden"
3577,41,"Biden"
3578,74,"Biden"
3579,36,"Biden"
3580,57,"Biden"
3581,67,"Biden"
3582,31,"Biden"
3583,67,"Trump"
3584,59,"Trump"
3585,29,"Biden"
3586,100,"Biden"
3587,93,"Trump"
3588,64,"Trump"
3589,61,"Trump"
3590,23,"Trump"
3591,19,"Trump"
3592,100,"Biden"
3593,93,"Biden"
3594,67,"Biden"
3595,35,"Trump"
3596,71,"Trump"
3597,46,"Biden"
3598,100,"Biden"
3599,98,"Biden"
3600,28,"Trump"
3601,49,"Biden"
3602,96,"Trump"
3603,96,"Trump"
3604,89,"Biden"
3605,43,"Biden"
3606,74,"Biden"
3607,71,"Trump"
3608,35,"Biden"
3609,55,"Biden"
3610,37,"Biden"
3611,63,"Biden"
3612,95,"Biden"
3613,23,"Trump"
3614,84,"Biden"
3615,19,"Trump"
3616,25,"Trump"
3617,48,"Trump"
3618,69,"Trump"
3619,42,"Trump"
3620,45,"Biden"
3621,67,"Trump"
3622,18,"Biden"
3623,48,"Trump"
3624,79,"Trump"
3625,23,"Trump"
3626,73,"Biden"
3627,37,"Trump"
3628,67,"Trump"
3629,91,"Biden"
3630,70,"Biden"
3631,22,"Trump"
3632,94,"Trump"
3633,26,"Trump"
3634,63,"Trump"
3635,93,"Trump"
3636,76,"Biden"
3637,91,"Trump"
3638,27,"Trump"
3639,91,"Biden"
3640,79,"Biden"
3641,91,"Biden"
3642,88,"Trump"
3643,34,"Trump"
3644,78,"Trump"
3645,66,"Biden"
3646,49,"Trump"
3647,55,"Trump"
3648,52,"Trump"
3649,21,"Biden"
3650,56,"Biden"
3651,21,"Biden"
3652,40,"Trump"
3653,62,"Trump"
3654,88,"Trump"
3655,99,"Biden"
3656,57,"Biden"
3657,76,"Trump"
3658,63,"Trump"
3659,54,"Biden"
3660,18,"Biden"
3661,88,"Trump"
3662,18,"Biden"
3663,88,"Biden"
3664,65,"Biden"
3665,94,"Trump"
3666,19,"Biden"
3667,94,"Trump"
3668,75,"Biden"
3669,97,"Trump"
3670,56,"Biden"
3671,82,"Biden"
3672,31,"Biden"
3673,72,"Trump"
3674,77,"Biden"
3675,94,"Trump"
3676,62,"Trump"
3677,84,"Biden"
3678,44,"Biden"
3679,41,"Trump"
3680,34,"Biden"
3681,36,"Trump"
3682,42,"Biden"
3683,37,"Biden"
3684,69,"Trump"
3685,52,"Trump"
3686,95,"Trump"
3687,28,"Trump"
3688,21,"Trump"
3689,77,"Biden"
3690,99,"Biden"
3691,75,"Trump"
3692,63,"Trump"
3693,39,"Trump"
3694,53,"Biden"
3695,84,"Biden"
3696,81,"Trump"
3697,98,"Biden"
3698,28,"Trump"
3699,88,"Biden"
3700,45,"Trump"
3701,70,"Trump"
3702,51,"Trump"
3703,70,"Trump"
3704,87,"Biden"
3705,71,"Trump"
3706,93,"Biden"
3707,30,"Trump"
3708,29,"Trump"
3709,30,"Trump"
3710,82,"Biden"
3711,57,"Biden"
3712,57,"Trump"
3713,90,"Biden"
3714,85,"Biden"
3715,64,"Biden"
3716,65,"Biden"
3717,68,"Biden"
3718,62,"Trump"
3719,39,"Biden"
3720,86,"Trump"
3721,80,"Biden"
3722,79,"Trump"
3723,28,"Trump"
3724,44,"Trump"
3725,97,"Trump"
3726,61,"Biden"
3727,64,"Biden"
3728,93,"Biden"
3729,68,"Trump"
3730,52,"Biden"
3731,73,"Biden"
3732,78,"Trump"
3733,56,"Biden"
3734,80,"Biden"
3735,86,"Trump"
3736,34,"Trump"
3737,53,"Trump"
3738,98,"Trump"
3739,35,"Biden"
3740,37,"Biden"
3741,90,"Biden"
3742,80,"Biden"
3743,19,"Trump"
3744,20,"Biden"
3745,86,"Biden"
3746,39,"Biden"
3747,77,"Biden"
3748,76,"Trump"
3749,49,"Trump"
3750,18,"Trump"
3751,87,"Trump"
3752,26,"Trump"
3753,38,"Biden"
3754,99,"Biden"
3755,42,"Biden"
3756,28,"Trump"
3757,77,"Trump"
3758,26,"Biden"
3759,54,"Biden"
3760,27,"Trump"
3761,69,"Trump"
3762,53,"Trump"
3763,99,"Trump"
3764,92,"Biden"
3765,44,"Biden"
3766,98,"Biden"
3767,51,"Trump"
3768,36,"Trump"
3769,52,"Biden"
3770,68,"Trump"
3771,46,"Biden"
3772,72,"Trump"
3773,59,"Trump"
3774,69,"Biden"
3775,73,"Trump"
3776,94,"Trump"
3777,99,"Biden"
3778,37,"Trump"
3779,64,"Biden"
3780,43,"Trump"
3781,55,"Trump"
3782,23,"Trump"
3783,90,"Biden"
3784,31,"Biden"
3785,35,"Biden"
3786,20,"Biden"
3787,85,"Biden"
3788,34,"Trump"
3789,81,"Biden"
3790,33,"Biden"
3791,61,"Biden"
3792,39,"Trump"
3793,48,"Trump"
3794,100,"Biden"
3795,60,"Trump"
3796,60,"Biden"
3797,98,"Trump"
3798,52,"Biden"
3799,42,"Trump"
3800,95,"Trump"
3801,32,"Trump"
3802,40,"Trump"
3803,51,"Trump"
3804,91,"Trump"
3805,91,"Biden"
3806,73,"Trump"
3807,99,"Trump"
3808,60,"Biden"
3809,22,"Biden"
3810,54,"Biden"
3811,90,"Trump"
3812,46,"Trump"
3813,20,"Trump"
3814,60,"Biden"
3815,43,"Trump"
3816,95,"Biden"
3817,29,"Trump"
3818,31,"Trump"
3819,38,"Trump"
3820,91,"Biden"
3821,38,"Biden"
3822,86,"Biden"
3823,99,"Biden"
3824,91,"Trump"
3825,25,"Biden"
3826,49,"Biden"
3827,90,"Trump"
3828,86,"Biden"
3829,78,"Biden"
3830,57,"Trump"
3831,82,"Biden"
3832,67,"Trump"
3833,61,"Biden"
3834,59,"Biden"
3835,33,"Trump"
3836,80,"Trump"
3837,82,"Trump"
3838,94,"Trump"
3839,36,"Biden"
3840,100,"Biden"
3841,68,"Trump"
3842,45,"Biden"
3843,62,"Trump"
3844,29,"Biden"
3845,62,"Trump"
3846,43,"Trump"
3847,57,"Biden"
3848,62,"Trump"
3849,46,"Trump"
3850,99,"Trump"
3851,32,"Trump"
3852,20,"Biden"
3853,89,"Trump"
3854,74,"Trump"
3855,21,"Trump"
3856,71,"Trump"
3857,24,"Biden"
3858,76,"Trump"
3859,59,"Biden"
3860,84,"Biden"
3861,28,"Biden"
3862,90,"Biden"
3863,20,"Trump"
3864,67,"Biden"
3865,87,"Biden"
3866,98,"Biden"
3867,64,"Biden"
3868,83,"Trump"
3869,92,"Trump"
3870,66,"Trump"
3871,56,"Trump"
3872,64,"Biden"
3873,51,"Trump"
3874,76,"Trump"
3875,45,"Biden"
3876,73,"Biden"
3877,26,"Trump"
3878,74,"Biden"
3879,87,"Trump"
3880,21,"Trump"
3881,96,"Trump"
3882,68,"Trump"
3883,27,"Trump"
3884,100,"Trump"
3885,89,"Biden"
3886,64,"Trump"
3887,20,"Biden"
3888,24,"Biden"
3889,58,"Trump"
3890,84,"Trump"
3891,21,"Biden"
3892,68,"Trump"
3893,30,"Biden"
3894,56,"Biden"
3895,29,"Trump"
3896,24,"Biden"
3897,30,"Trump"
3898,24,"Biden"
3899,65,"Biden"
3900,87,"Biden"
3901,89,"Trump"
3902,70,"Trump"
3903,77,"Trump"
3904,47,"Trump"
3905,21,"Trump"
3906,58,"Biden"
3907,67,"Biden"
3908,95,"Trump"
3909,64,"Biden"
3910,24,"Biden"
3911,93,"Trump"
3912,84,"Biden"
3913,45,"Biden"
3914,50,"Biden"
3915,48,"Biden"
3916,61,"Trump"
3917,58,"Trump"
3918,82,"Trump"
3919,67,"Trump"
3920,66,"Biden"
3921,90,"Biden"
3922,76,"Trump"
3923,52,"Trump"
3924,56,"Trump"
3925,61,"Trump"
3926,97,"Trump"
3927,30,"Biden"
3928,55,"Biden"
3929,34,"Biden"
3930,78,"Biden"
3931,39,"Trump"
3932,52,"Trump"
3933,68,"Biden"
3934,64,"Biden"
3935,74,"Biden"
3936,70,"Biden"
3937,85,"Biden"
3938,81,"Biden"
3939,20,"Trump"
3940,54,"Trump"
3941,52,"Trump"
3942,84,"Trump"
3943,29,"Trump"
3944,98,"Trump"
3945,49,"Trump"
3946,53,"Biden"
3947,39,"Trump"
3948,28,"Trump"
3949,38,"Trump"
3950,27,"Trump"
3951,88,"Trump"
3952,94,"Biden"
3953,73,"Biden"
3954,43,"Trump"
3955,18,"Trump"
3956,59,"Trump"
3957,38,"Trump"
3958,61,"Biden"
3959,30,"Biden"
3960,79,"Trump"
3961,96,"Trump"
3962,99,"Trump"
3963,33,"Trump"
3964,71,"Biden"
3965,77,"Biden"
3966,30,"Trump"
3967,72,"Trump"
3968,89,"Trump"
3969,90,"Trump"
3970,88,"Trump"
3971,55,"Biden"
3972,82,"Biden"
3973,61,"Trump"
3974,89,"Trump"
3975,37,"Biden"
3976,26,"Biden"
3977,82,"Biden"
3978,83,"Biden"
3979,69,"Biden"
3980,91,"Trump"
3981,18,"Biden"
3982,97,"Biden"
3983,38,"Trump"
3984,89,"Trump"
3985,25,"Trump"
3986,88,"Biden"
3987,64,"Biden"
3988,56,"Biden"
3989,97,"Trump"
3990,29,"Trump"
3991,92,"Biden"
3992,82,"Biden"
3993,82,"Trump"
3994,94,"Biden"
3995,18,"Biden"
3996,22,"Biden"
3997,18,"Trump"
3998,21,"Biden"
3999,39,"Biden"
4000,85,"Biden"
4001,39,"Biden"
4002,63,"Trump"
4003,42,"Biden"
4004,53,"Trump"
4005,27,"Biden"
4006,67,"Biden"
4007,73,"Biden"
4008,18,"Trump"
4009,38,"Biden"
4010,79,"Biden"
4011,43,"Trump"
4012,97,"Biden"
4013,77,"Biden"
4014,67,"Trump"
4015,71,"Trump"
4016,79,"Biden"
4017,19,"Biden"
4018,43,"Biden"
4019,95,"Trump"
4020,89,"Biden"
4021,78,"Trump"
4022,68,"Biden"
4023,80,"Trump"
4024,31,"Trump"
4025,46,"Biden"
4026,35,"Trump"
4027,41,"Biden"
4028,22,"Trump"
4029,40,"Biden"
4030,79,"Trump"
4031,79,"Biden"
4032,39,"Trump"
4033,41,"Trump"
4034,61,"Biden"
4035,43,"Biden"
4036,100,"Biden"
4037,42,"Biden"
4038,70,"Biden"
4039,40,"Trump"
4040,63,"Biden"
4041,34,"Trump"
4042,59,"Trump"
4043,58,"Biden"
4044,89,"Biden"
4045,59,"Trump"
4046,100,"Biden"
4047,83,"Trump"
4048,68,"Biden"
4049,56,"Biden"
4050,87,"Trump"
4051,51,"Biden"
4052,18,"Biden"
4053,91,"Trump"
4054,57,"Trump"
4055,27,"Trump"
4056,60,"Trump"
4057,49,"Biden"
4058,96,"Trump"
4059,77,"Biden"
4060,71,"Biden"
4061,94,"Trump"
4062,59,"Biden"
4063,36,"Trump"
4064,48,"Biden"
4065,83,"Trump"
4066,78,"Biden"
4067,71,"Biden"
4068,70,"Trump"
4069,34,"Biden"
4070,90,"Biden"
4071,21,"Biden"
4072,77,"Biden"
4073,99,"Trump"
4074,46,"Trump"
4075,31,"Biden"
4076,93,"Biden"
4077,35,"Trump"
4078,67,"Biden"
4079,18,"Biden"
4080,64,"Biden"
4081,56,"Biden"
4082,66,"Biden"
4083,80,"Biden"
4084,24,"Biden"
4085,74,"Trump"
4086,68,"Trump"
4087,65,"Biden"
4088,50,"Biden"
4089,67,"Biden"
4090,30,"Biden"
4091,99,"Biden"
4092,87,"Trump"
4093,38,"Biden"
4094,99,"Trump"
4095,77,"Biden"
4096,25,"Trump"
4097,44,"Trump"
4098,63,"Biden"
4099,74,"Trump"
4100,95,"Trump"
4101,76,"Trump"
4102,75,"Trump"
4103,37,"Biden"
4104,95,"Trump"
4105,35,"Trump"
4106,61,"Trump"
4107,39,"Biden"
4108,18,"Trump"
4109,94,"Trump"
4110,80,"Biden"
4111,82,"Trump"
4112,95,"Biden"
4113,63,"Biden"
4114,35,"Trump"
4115,82,"Trump"
4116,21,"Biden"
4117,28,"Biden"
4118,75,"Trump"
4119,30,"Trump"
4120,51,"Trump"
4121,89,"Biden"
4122,65,"Biden"
4123,48,"Trump"
4124,22,"Trump"
4125,61,"Trump"
4126,80,"Biden"
4127,87,"Biden"
4128,85,"Biden"
4129,97,"Biden"
4130,38,"Biden"
4131,72,"Trump"
4132,79,"Trump"
4133,72,"Biden"
4134,43,"Trump"
4135,75,"Biden"
4136,51,"Trump"
4137,32,"Biden"
4138,31,"Trump"
4139,93,"Biden"
4140,97,"Biden"
4141,75,"Trump"
4142,46,"Trump"
4143,99,"Trump"
4144,94,"Trump"
4145,33,"Biden"
4146,65,"Trump"
4147,82,"Trump"
4148,55,"Biden"
4149,31,"Trump"
4150,71,"Trump"
4151,75,"Biden"
4152,47,"Trump"
4153,80,"Trump"
4154,41,"Biden"
4155,88,"Biden"
4156,19,"Biden"
4157,22,"Biden"
4158,66,"Biden"
4159,67,"Biden"
4160,100,"Trump"
4161,31,"Biden"
4162,51,"Biden"
4163,59,"Trump"
4164,43,"Biden"
4165,26,"Trump"
4166,47,"Trump"
4167,33,"Trump"
4168,18,"Biden"
4169,77,"Biden"
4170,94,"Trump"
4171,81,"Biden"
4172,82,"Trump"
4173,29,"Trump"
4174,80,"Trump"
4175,98,"Biden"
4176,41,"Trump"
4177,56,"Trump"
4178,68,"Biden"
4179,84,"Trump"
4180,41,"Trump"
4181,75,"Trump"
4182,56,"Biden"
4183,88,"Trump"
4184,25,"Trump"
4185,35,"Trump"
4186,76,"Biden"
4187,87,"Trump"
4188,82,"Biden"
4189,30,"Biden"
4190,23,"Trump"
4191,27,"Biden"
4192,53,"Trump"
4193,70,"Trump"
4194,53,"Biden"
4195,45,"Biden"
4196,77,"Biden"
4197,44,"Biden"
4198,41,"Biden"
4199,18,"Biden"
4200,22,"Trump"
4201,98,"Biden"
4202,74,"Trump"
4203,76,"Trump"
4204,23,"Biden"
4205,37,"Trump"
4206,98,"Biden"
4207,99,"Trump"
4208,73,"Trump"
4209,30,"Biden"
4210,74,"Biden"
4211,53,"Trump"
4212,40,"Trump"
4213,83,"Biden"
4214,29,"Biden"
4215,87,"Trump"
4216,82,"Trump"
4217,46,"Trump"
4218,57,"Trump"
4219,39,"Trump"
4220,66,"Trump"
4221,53,"Trump"
4222,32,"Biden"
4223,54,"Biden"
4224,53,"Biden"
4225,36,"Trump"
4226,78,"Trump"
4227,18,"Trump"
4228,68,"Trump"
4229,42,"Trump"
4230,32,"Biden"
4231,72,"Trump"
4232,67,"Trump"
4233,97,"Trump"
4234,63,"Biden"
4235,67,"Biden"
4236,98,"Biden"
4237,96,"Trump"
4238,44,"Trump"
4239,28,"Biden"
4240,40,"Biden"
4241,74,"Trump"
4242,79,"Biden"
4243,97,"Trump"
4244,72,"Trump"
4245,71,"Trump"
4246,92,"Biden"
4247,30,"Trump"
4248,37,"Biden"
4249,36,"Biden"
4250,44,"Biden"
4251,31,"Biden"
4252,50,"Biden"
4253,58,"Trump"
4254,34,"Trump"
4255,78,"Biden"
4256,27,"Biden"
4257,64,"Trump"
4258,55,"Biden"
4259,63,"Biden"
4260,42,"Trump"
4261,72,"Trump"
4262,92,"Trump"
4263,57,"Biden"
4264,35,"Trump"
4265,97,"Biden"
4266,26,"Biden"
4267,23,"Biden"
4268,97,"Biden"
4269,58,"Trump"
4270,73,"Biden"
4271,53,"Trump"
4272,61,"Trump"
4273,28,"Trump"
4274,19,"Trump"
4275,54,"Trump"
4276,46,"Trump"
4277,45,"Biden"
4278,26,"Biden"
4279,88,"Trump"
4280,45,"Biden"
4281,67,"Biden"
4282,90,"Trump"
4283,30,"Trump"
4284,82,"Biden"
4285,51,"Biden"
4286,68,"Biden"
4287,75,"Biden"
4288,24,"Biden"
4289,85,"Trump"
4290,91,"Trump"
4291,58,"Trump"
4292,84,"Trump"
4293,73,"Biden"
4294,42,"Biden"
4295,71,"Biden"
4296,35,"Trump"
4297,24,"Trump"
4298,63,"Biden"
4299,87,"Biden"
4300,68,"Biden"
4301,63,"Trump"
4302,33,"Biden"
4303,19,"Biden"
4304,71,"Trump"
4305,44,"Biden"
4306,61,"Trump"
4307,66,"Trump"
4308,62,"Biden"
4309,86,"Trump"
4310,88,"Biden"
4311,65,"Trump"
4312,59,"Biden"
4313,95,"Trump"
4314,18,"Trump"
4315,89,"Biden"
4316,82,"Trump"
4317,25,"Trump"
4318,81,"Biden"
4319,100,"Trump"
4320,93,"Biden"
4321,54,"Trump"
4322,91,"Biden"
4323,31,"Biden"
4324,66,"Biden"
4325,93,"Trump"
4326,66,"Trump"
4327,49,"Trump"
4328,91,"Trump"
4329,72,"Trump"
4330,90,"Biden"
4331,60,"Trump"
4332,47,"Trump"
4333,64,"Biden"
4334,100,"Biden"
4335,53,"Trump"
4336,66,"Biden"
4337,89,"Trump"
4338,90,"Trump"
4339,72,"Trump"
4340,100,"Biden"
4341,76,"Biden"
4342,88,"Biden"
4343,70,"Trump"
4344,38,"Trump"
4345,37,"Biden"
4346,37,"Trump"
4347,55,"Biden"
4348,67,"Trump"
4349,89,"Trump"
4350,27,"Biden"
4351,55,"Biden"
4352,38,"Biden"
4353,45,"Trump"
4354,25,"Biden"
4355,34,"Trump"
4356,57,"Trump"
4357,93,"Biden"
4358,73,"Trump"
4359,33,"Biden"
4360,97,"Trump"
4361,47,"Trump"
4362,72,"Biden"
4363,63,"Biden"
4364,59,"Biden"
4365,78,"Biden"
4366,64,"Trump"
4367,41,"Trump"
4368,24,"Biden"
4369,85,"Trump"
4370,64,"Trump"
4371,30,"Trump"
4372,31,"Biden"
4373,36,"Biden"
4374,82,"Trump"
4375,48,"Biden"
4376,23,"Trump"
4377,66,"Biden"
4378,41,"Biden"
4379,52,"Biden"
4380,52,"Trump"
4381,80,"Trump"
4382,18,"Biden"
4383,81,"Biden"
4384,35,"Trump"
4385,90,"Biden"
4386,95,"Trump"
4387,96,"Trump"
4388,94,"Trump"
4389,98,"Biden"
4390,47,"Trump"
4391,58,"Trump"
4392,58,"Trump"
4393,100,"Biden"
4394,61,"Biden"
4395,35,"Biden"
4396,49,"Trump"
4397,67,"Trump"
4398,67,"Trump"
4399,74,"Biden"
4400,29,"Trump"
4401,28,"Biden"
4402,82,"Biden"
4403,57,"Biden"
4404,75,"Biden"
4405,99,"Trump"
4406,52,"Biden"
4407,34,"Biden"
4408,81,"Biden"
4409,56,"Trump"
4410,96,"Biden"
4411,43,"Trump"
4412,62,"Biden"
4413,38,"Biden"
4414,90,"Biden"
4415,42,"Biden"
4416,47,"Trump"
4417,97,"Biden"
4418,43,"Biden"
4419,82,"Biden"
4420,43,"Biden"
4421,85,"Trump"
4422,61,"Biden"
4423,56,"Biden"
4424,47,"Biden"
4425,85,"Trump"
4426,82,"Biden"
4427,87,"Biden"
4428,80,"Trump"
4429,38,"Biden"
4430,80,"Biden"
4431,18,"Biden"
4432,73,"Trump"
4433,54,"Trump"
4434,94,"Trump"
4435,31,"Trump"
4436,57,"Trump"
4437,95,"Biden"
4438,91,"Trump"
4439,85,"Biden"
4440,100,"Trump"
4441,19,"Trump"
4442,72,"Biden"
4443,26,"Trump"
4444,18,"Biden"
4445,66,"Biden"
4446,93,"Trump"
4447,36,"Trump"
4448,58,"Biden"
4449,25,"Biden"
4450,97,"Biden"
4451,33,"Biden"
4452,80,"Trump"
4453,65,"Biden"
4454,40,"Biden"
4455,53,"Biden"
4456,64,"Biden"
4457,84,"Trump"
4458,23,"Biden"
4459,49,"Biden"
4460,28,"Trump"
4461,27,"Biden"
4462,74,"Trump"
4463,87,"Biden"
4464,61,"Trump"
4465,36,"Trump"
4466,63,"Trump"
4467,49,"Trump"
4468,95,"Trump"
4469,31,"Biden"
4470,76,"Biden"
4471,100,"Trump"
4472,42,"Biden"
4473,32,"Biden"
4474,69,"Biden"
4475,65,"Biden"
4476,70,"Trump"
4477,58,"Biden"
4478,73,"Biden"
4479,73,"Biden"
4480,54,"Trump"
4481,24,"Trump"
4482,35,"Trump"
4483,43,"Biden"
4484,52,"Biden"
4485,75,"Trump"
4486,74,"Trump"
4487,40,"Trump"
4488,25,"Biden"
4489,28,"Trump"
4490,91,"Trump"
4491,21,"Biden"
4492,70,"Trump"
4493,18,"Biden"
4494,44,"Biden"
4495,49,"Trump"
4496,38,"Trump"
4497,76,"Trump"
4498,96,"Trump"
4499,75,"Biden"
4500,30,"Trump"
4501,48,"Trump"
4502,22,"Biden"
4503,32,"Trump"
4504,81,"Biden"
4505,18,"Trump"
4506,54,"Biden"
4507,84,"Trump"
4508,30,"Trump"
4509,65,"Biden"
4510,41,"Trump"
4511,22,"Trump"
4512,98,"Biden"
4513,40,"Biden"
4514,84,"Biden"
4515,33,"Trump"
4516,49,"Biden"
4517,29,"Trump"
4518,58,"Trump"
4519,80,"Biden"
4520,84,"Trump"
4521,70,"Biden"
4522,29,"Trump"
4523,26,"Trump"
4524,70,"Trump"
4525,34,"Trump"
4526,76,"Trump"
4527,41,"Trump"
4528,43,"Biden"
4529,18,"Trump"
4530,28,"Trump"
4531,20,"Trump"
4532,88,"Biden"
4533,55,"Biden"
4534,22,"Biden"
4535,37,"Trump"
4536,35,"Biden"
4537,47,"Biden"
4538,47,"Trump"
4539,74,"Trump"
4540,40,"Biden"
4541,67,"Biden"
4542,59,"Biden"
4543,62,"Biden"
4544,78,"Trump"
4545,55,"Biden"
4546,26,"Trump"
4547,74,"Biden"
4548,55,"Trump"
4549,88,"Biden"
4550,47,"Biden"
4551,81,"Trump"
4552,25,"Biden"
4553,64,"Biden"
4554,38,"Biden"
4555,83,"Trump"
4556,46,"Trump"
4557,41,"Biden"
4558,47,"Trump"
4559,27,"Trump"
4560,54,"Trump"
4561,91,"Trump"
4562,66,"Biden"
4563,40,"Trump"
4564,45,"Biden"
4565,54,"Trump"
4566,82,"Trump"
4567,21,"Biden"
4568,67,"Biden"
4569,66,"Biden"
4570,89,"Biden"
4571,53,"Trump"
4572,38,"Biden"
4573,63,"Biden"
4574,97,"Trump"
4575,39,"Biden"
4576,33,"Biden"
4577,60,"Biden"
4578,96,"Biden"
4579,49,"Biden"
4580,31,"Biden"
4581,26,"Biden"
4582,72,"Biden"
4583,53,"Biden"
4584,37,"Trump"
4585,55,"Biden"
4586,70,"Biden"
4587,42,"Biden"
4588,29,"Biden"
4589,98,"Biden"
4590,63,"Biden"
4591,73,"Trump"
4592,46,"Biden"
4593,72,"Trump"
4594,53,"Biden"
4595,79,"Biden"
4596,23,"Biden"
4597,85,"Biden"
4598,60,"Biden"
4599,32,"Biden"
4600,50,"Biden"
4601,18,"Trump"
4602,83,"Trump"
4603,68,"Trump"
4604,31,"Trump"
4605,64,"Biden"
4606,29,"Trump"
4607,82,"Biden"
4608,64,"Biden"
4609,76,"Biden"
4610,81,"Trump"
4611,66,"Biden"
4612,34,"Trump"
4613,61,"Trump"
4614,83,"Trump"
4615,24,"Trump"
4616,44,"Trump"
4617,32,"Trump"
4618,84,"Biden"
4619,96,"Biden"
4620,30,"Trump"
4621,22,"Trump"
4622,79,"Trump"
4623,57,"Biden"
4624,32,"Biden"
4625,78,"Trump"
4626,31,"Biden"
4627,19,"Biden"
4628,53,"Trump"
4629,83,"Trump"
4630,71,"Biden"
4631,56,"Biden"
4632,40,"Trump"
4633,30,"Trump"
4634,32,"Trump"
4635,51,"Trump"
4636,32,"Trump"
4637,69,"Biden"
4638,37,"Trump"
4639,37,"Biden"
4640,39,"Biden"
4641,76,"Biden"
4642,41,"Biden"
4643,94,"Biden"
4644,27,"Trump"
4645,84,"Biden"
4646,81,"Biden"
4647,87,"Trump"
4648,48,"Trump"
4649,75,"Trump"
4650,77,"Biden"
4651,38,"Trump"
4652,54,"Trump"
4653,73,"Biden"
4654,80,"Biden"
4655,39,"Trump"
4656,63,"Trump"
4657,35,"Trump"
4658,22,"Biden"
4659,76,"Trump"
4660,73,"Trump"
4661,34,"Trump"
4662,90,"Trump"
4663,51,"Trump"
4664,21,"Trump"
4665,44,"Biden"
4666,46,"Trump"
4667,25,"Trump"
4668,84,"Trump"
4669,21,"Trump"
4670,98,"Biden"
4671,83,"Biden"
4672,91,"Trump"
4673,99,"Biden"
4674,41,"Trump"
4675,22,"Biden"
4676,86,"Trump"
4677,34,"Biden"
4678,39,"Biden"
4679,82,"Trump"
4680,31,"Trump"
4681,29,"Biden"
4682,63,"Trump"
4683,68,"Biden"
4684,32,"Trump"
4685,36,"Biden"
4686,42,"Trump"
4687,38,"Trump"
4688,96,"Biden"
4689,67,"Trump"
4690,67,"Biden"
4691,35,"Trump"
4692,25,"Biden"
4693,66,"Trump"
4694,80,"Trump"
4695,64,"Biden"
4696,66,"Biden"
4697,60,"Trump"
4698,31,"Biden"
4699,98,"Biden"
4700,69,"Biden"
4701,80,"Trump"
4702,47,"Biden"
4703,42,"Trump"
4704,57,"Trump"
4705,22,"Biden"
4706,44,"Biden"
4707,72,"Biden"
4708,39,"Trump"
4709,76,"Trump"
4710,30,"Biden"
4711,100,"Biden"
4712,64,"Biden"
4713,49,"Biden"
4714,56,"Biden"
4715,94,"Trump"
4716,62,"Trump"
4717,75,"Trump"
4718,31,"Trump"
4719,80,"Biden"
4720,36,"Biden"
4721,49,"Trump"
4722,33,"Biden"
4723,68,"Biden"
4724,74,"Trump"
4725,83,"Biden"
4726,19,"Trump"
4727,50,"Biden"
4728,83,"Biden"
4729,41,"Trump"
4730,24,"Biden"
4731,71,"Trump"
4732,25,"Trump"
4733,87,"Trump"
4734,59,"Trump"
4735,20,"Trump"
4736,91,"Biden"
4737,45,"Trump"
4738,26,"Biden"
4739,64,"Trump"
4740,78,"Trump"
4741,70,"Trump"
4742,44,"Biden"
4743,45,"Biden"
4744,66,"Biden"
4745,99,"Biden"
4746,41,"Trump"
4747,50,"Biden"
4748,33,"Biden"
4749,59,"Biden"
4750,53,"Trump"
4751,89,"Trump"
4752,48,"Trump"
4753,66,"Trump"
4754,97,"Biden"
4755,78,"Biden"
4756,53,"Biden"
4757,28,"Biden"
4758,91,"Trump"
4759,73,"Biden"
4760,61,"Trump"
4761,21,"Biden"
4762,59,"Biden"
4763,96,"Trump"
4764,61,"Trump"
4765,76,"Biden"
4766,83,"Biden"
4767,77,"Biden"
4768,36,"Biden"
4769,81,"Biden"
4770,34,"Biden"
4771,63,"Biden"
4772,90,"Trump"
4773,25,"Trump"
4774,70,"Trump"
4775,60,"Biden"
4776,73,"Trump"
4777,21,"Trump"
4778,69,"Trump"
4779,94,"Trump"
4780,84,"Trump"
4781,53,"Trump"
4782,86,"Trump"
4783,74,"Biden"
4784,98,"Biden"
4785,51,"Biden"
4786,34,"Trump"
4787,27,"Trump"
4788,21,"Trump"
4789,75,"Biden"
4790,76,"Trump"
4791,49,"Biden"
4792,86,"Trump"
4793,95,"Biden"
4794,27,"Trump"
4795,22,"Trump"
4796,18,"Trump"
4797,67,"Biden"
4798,64,"Biden"
4799,35,"Biden"
4800,91,"Trump"
4801,96,"Trump"
4802,98,"Biden"
4803,24,"Trump"
4804,31,"Trump"
4805,38,"Trump"
4806,60,"Trump"
4807,61,"Biden"
4808,94,"Trump"
4809,50,"Trump"
4810,93,"Biden"
4811,82,"Trump"
4812,75,"Biden"
4813,64,"Trump"
4814,78,"Trump"
4815,28,"Biden"
4816,20,"Biden"
4817,51,"Trump"
4818,29,"Biden"
4819,37,"Biden"
4820,76,"Biden"
4821,79,"Trump"
4822,55,"Biden"
4823,88,"Trump"
4824,53,"Trump"
4825,90,"Trump"
4826,79,"Trump"
4827,25,"Trump"
4828,31,"Trump"
4829,74,"Trump"
4830,79,"Trump"
4831,44,"Trump"
4832,72,"Biden"
4833,49,"Biden"
4834,41,"Trump"
4835,39,"Trump"
4836,55,"Biden"
4837,100,"Trump"
4838,40,"Trump"
4839,32,"Biden"
4840,26,"Trump"
4841,68,"Biden"
4842,96,"Biden"
4843,87,"Biden"
4844,96,"Trump"
4845,21,"Biden"
4846,58,"Biden"
4847,56,"Trump"
4848,91,"Biden"
4849,29,"Biden"
4850,87,"Biden"
4851,28,"Trump"
4852,26,"Biden"
4853,45,"Biden"
4854,36,"Biden"
4855,81,"Trump"
4856,36,"Trump"
4857,19,"Trump"
4858,74,"Biden"
4859,64,"Trump"
4860,72,"Biden"
4861,59,"Biden"
4862,73,"Biden"
4863,72,"Trump"
4864,28,"Trump"
4865,84,"Biden"
4866,64,"Trump"
4867,52,"Trump"
4868,39,"Trump"
4869,96,"Biden"
4870,66,"Trump"
4871,66,"Trump"
4872,43,"Biden"
4873,81,"Biden"
4874,60,"Biden"
4875,88,"Biden"
4876,91,"Trump"
4877,35,"Trump"
4878,36,"Trump"
4879,44,"Biden"
4880,89,"Biden"
4881,93,"Biden"
4882,88,"Trump"
4883,46,"Biden"
4884,39,"Biden"
4885,71,"Trump"
4886,41,"Biden"
4887,88,"Trump"
4888,62,"Biden"
4889,80,"Biden"
4890,90,"Biden"
4891,97,"Trump"
4892,44,"Trump"
4893,93,"Trump"
4894,28,"Biden"
4895,82,"Trump"
4896,46,"Trump"
4897,38,"Biden"
4898,40,"Biden"
4899,77,"Trump"
4900,63,"Trump"
4901,72,"Trump"
4902,37,"Trump"
4903,67,"Trump"
4904,24,"Trump"
4905,92,"Biden"
4906,68,"Biden"
4907,74,"Biden"
4908,94,"Trump"
4909,95,"Trump"
4910,46,"Trump"
4911,96,"Biden"
4912,88,"Biden"
4913,80,"Biden"
4914,82,"Biden"
4915,97,"Trump"
4916,77,"Trump"
4917,24,"Trump"
4918,51,"Biden"
4919,83,"Trump"
4920,41,"Biden"
4921,43,"Trump"
4922,43,"Biden"
4923,38,"Biden"
4924,61,"Trump"
4925,70,"Trump"
4926,58,"Trump"
4927,23,"Trump"
4928,50,"Biden"
4929,33,"Biden"
4930,25,"Trump"
4931,35,"Biden"
4932,96,"Biden"
4933,40,"Trump"
4934,32,"Biden"
4935,21,"Biden"
4936,69,"Biden"
4937,49,"Trump"
4938,49,"Biden"
4939,56,"Trump"
4940,72,"Trump"
4941,63,"Biden"
4942,57,"Biden"
4943,91,"Biden"
4944,73,"Biden"
4945,88,"Biden"
4946,21,"Trump"
4947,27,"Biden"
4948,50,"Trump"
4949,82,"Trump"
4950,31,"Trump"
4951,70,"Biden"
4952,48,"Biden"
4953,29,"Trump"
4954,56,"Trump"
4955,70,"Trump"
4956,72,"Biden"
4957,82,"Biden"
4958,68,"Biden"
4959,53,"Trump"
4960,61,"Biden"
4961,34,"Biden"
4962,38,"Biden"
4963,60,"Biden"
4964,98,"Biden"
4965,46,"Biden"
4966,100,"Trump"
4967,33,"Biden"
4968,56,"Trump"
4969,67,"Trump"
4970,90,"Biden"
4971,37,"Biden"
4972,51,"Biden"
4973,85,"Biden"
4974,86,"Biden"
4975,64,"Trump"
4976,36,"Biden"
4977,31,"Trump"
4978,59,"Trump"
4979,79,"Biden"
4980,49,"Trump"
4981,70,"Biden"
4982,78,"Biden"
4983,88,"Trump"
4984,56,"Trump"
4985,67,"Biden"
4986,40,"Trump"
4987,71,"Trump"
4988,50,"Biden"
4989,82,"Biden"
4990,21,"Biden"
4991,72,"Biden"
4992,53,"Trump"
4993,70,"Trump"
4994,93,"Trump"
4995,83,"Biden"
4996,47,"Trump"
4997,77,"Biden"
4998,69,"Trump"
4999,71,"Biden"
5000,35,"Trump"
